TransactionID,Date,CustomerID,ProductCategory,Quantity,UnitPrice,Region,Revenue,CostOfGoodsSold,GrossProfit
TXN-10000,2025-09-12 14:00:00,CUST-418,Furniture,1,120.76,East,120.76,66.42,54.34
TXN-10001,2024-10-20 03:00:00,CUST-147,Electronics,7,280.01,South,1960.07,1078.04,882.03
TXN-10002,2023-02-05 20:00:00,CUST-160,Furniture,5,266.55,West,1332.75,733.01,599.74
TXN-10003,2023-08-13 14:00:00,CUST-436,Home Appliances,1,148.31,West,148.31,81.57,66.74
TXN-10004,2025-06-17 23:00:00,CUST-125,Electronics,3,156.06,West,468.18,257.5,210.68
TXN-10005,2024-05-13 12:00:00,CUST-391,Home Appliances,7,146.14,North,1022.98,562.64,460.34
TXN-10006,2024-04-15 04:00:00,CUST-356,Electronics,1,388.04,East,388.04,213.42,174.62
TXN-10007,2025-07-10 14:00:00,CUST-107,Electronics,7,329.43,West,2306.01,1268.31,1037.7
TXN-10008,2023-09-19 01:00:00,CUST-212,Furniture,5,417.88,South,2089.4,1149.17,940.23
TXN-10009,2024-12-03 02:00:00,CUST-454,Home Appliances,1,487.98,West,487.98,268.39,219.59
TXN-10010,2023-07-04 10:00:00,CUST-352,Electronics,1,242.34,North,242.34,133.29,109.05
TXN-10011,2025-07-04 02:00:00,CUST-279,Furniture,1,42.68,East,42.68,23.47,19.21
TXN-10012,2024-08-23 23:00:00,CUST-306,Furniture,9,33.57,North,302.13,166.17,135.96
TXN-10013,2024-04-18 11:00:00,CUST-402,Electronics,3,154.88,North,464.64,255.55,209.09
TXN-10014,2024-10-29 15:00:00,CUST-226,Electronics,5,466.95,North,2334.75,1284.11,1050.64
TXN-10015,2023-12-13 18:00:00,CUST-155,Electronics,9,266.37,South,2397.33,1318.53,1078.8
TXN-10016,2023-03-12 05:00:00,CUST-313,Furniture,6,143.18,East,859.08,472.49,386.59
TXN-10017,2023-02-02 01:00:00,CUST-113,Electronics,9,205.59,East,1850.31,1017.67,832.64
TXN-10018,2025-08-30 05:00:00,CUST-127,Electronics,8,303.31,South,2426.48,1334.56,1091.92
TXN-10019,2023-04-12 09:00:00,CUST-177,Home Appliances,8,329.95,East,2639.6,1451.78,1187.82
TXN-10020,2023-08-10 07:00:00,CUST-GUEST,Furniture,1,85.42,North,85.42,46.98,38.44
TXN-10021,2023-07-30 11:00:00,CUST-485,Electronics,9,488.75,East,4398.75,2419.31,1979.44
TXN-10022,2023-09-25 12:00:00,CUST-GUEST,Home Appliances,6,276.94,South,1661.64,913.9,747.74
TXN-10023,2025-01-02 00:00:00,CUST-253,Home Appliances,9,76.49,North,688.41,378.63,309.78
TXN-10024,2025-05-22 11:00:00,CUST-113,Electronics,3,447.88,South,1343.64,739.0,604.64
TXN-10025,2025-04-03 17:00:00,CUST-286,Electronics,3,46.57,West,139.71,76.84,62.87
TXN-10026,2023-09-24 12:00:00,CUST-411,Furniture,6,454.79,North,2728.74,1500.81,1227.93
TXN-10027,2023-12-28 02:00:00,CUST-470,Furniture,9,498.32,North,4484.88,2466.68,2018.2
TXN-10028,2025-12-05 02:00:00,CUST-GUEST,Electronics,7,353.21,East,2472.47,1359.86,1112.61
TXN-10029,2025-02-28 06:00:00,CUST-102,Home Appliances,3,387.52,North,1162.56,639.41,523.15
TXN-10030,2025-10-06 17:00:00,CUST-210,Home Appliances,3,175.28,South,525.84,289.21,236.63
TXN-10031,2025-02-06 23:00:00,CUST-GUEST,Home Appliances,2,471.37,East,942.74,518.51,424.23
TXN-10032,2023-04-25 11:00:00,CUST-462,Furniture,9,269.56,West,2426.04,1334.32,1091.72
TXN-10033,2025-11-30 15:00:00,CUST-338,Home Appliances,3,368.87,South,1106.61,608.64,497.97
TXN-10034,2023-01-08 21:00:00,CUST-373,Home Appliances,5,462.81,West,2314.05,1272.73,1041.32
TXN-10035,2025-03-07 14:00:00,CUST-393,Home Appliances,9,487.84,West,4390.56,2414.81,1975.75
TXN-10036,2023-05-06 05:00:00,CUST-326,Furniture,8,418.27,West,3346.16,1840.39,1505.77
TXN-10037,2025-05-26 18:00:00,CUST-470,Furniture,2,158.48,North,316.96,174.33,142.63
TXN-10038,2023-03-21 03:00:00,CUST-114,Home Appliances,3,483.61,South,1450.83,797.96,652.87
TXN-10039,2025-10-01 22:00:00,CUST-GUEST,Electronics,2,317.78,South,635.56,349.56,286.0
TXN-10040,2023-02-22 19:00:00,CUST-218,Home Appliances,8,466.01,North,3728.08,2050.44,1677.64
TXN-10041,2025-01-16 08:00:00,CUST-127,Home Appliances,6,341.29,East,2047.74,1126.26,921.48
TXN-10042,2024-04-19 18:00:00,CUST-GUEST,Electronics,6,160.55,West,963.3,529.82,433.48
TXN-10043,2023-05-29 04:00:00,CUST-138,Home Appliances,9,191.31,South,1721.79,946.98,774.81
TXN-10044,2023-06-12 02:00:00,CUST-372,Home Appliances,8,279.73,North,2237.84,1230.81,1007.03
TXN-10045,2024-01-04 06:00:00,CUST-330,Electronics,4,397.11,West,1588.44,873.64,714.8
TXN-10046,2024-08-27 06:00:00,CUST-185,Home Appliances,4,165.81,East,663.24,364.78,298.46
TXN-10047,2025-06-26 09:00:00,CUST-225,Electronics,9,294.07,East,2646.63,1455.65,1190.98
TXN-10048,2024-03-18 19:00:00,CUST-399,Electronics,1,179.36,West,179.36,98.65,80.71
TXN-10049,2024-01-02 08:00:00,CUST-124,Home Appliances,2,409.73,East,819.46,450.7,368.76
TXN-10050,2024-03-15 19:00:00,CUST-244,Electronics,2,238.7,South,477.4,262.57,214.83
TXN-10051,2024-03-03 05:00:00,CUST-112,Home Appliances,6,47.59,South,285.54,157.05,128.49
TXN-10052,2023-12-18 09:00:00,CUST-311,Furniture,4,91.37,South,365.48,201.01,164.47
TXN-10053,2024-03-02 09:00:00,CUST-124,Home Appliances,3,39.94,East,119.82,65.9,53.92
TXN-10054,2024-04-04 00:00:00,CUST-167,Furniture,3,254.66,South,763.98,420.19,343.79
TXN-10055,2025-09-22 17:00:00,CUST-493,Electronics,3,62.11,North,186.33,102.48,83.85
TXN-10056,2023-04-19 20:00:00,CUST-166,Furniture,6,65.93,South,395.58,217.57,178.01
TXN-10057,2025-09-03 01:00:00,CUST-332,Electronics,8,471.11,South,3768.88,2072.88,1696.0
TXN-10058,2025-12-16 19:00:00,CUST-208,Home Appliances,7,437.6,East,3063.2,1684.76,1378.44
TXN-10059,2025-07-31 11:00:00,CUST-GUEST,Furniture,4,231.52,South,926.08,509.34,416.74
TXN-10060,2025-06-30 06:00:00,CUST-210,Electronics,4,493.04,West,1972.16,1084.69,887.47
TXN-10061,2025-09-05 11:00:00,CUST-327,Home Appliances,2,10.09,North,20.18,11.1,9.08
TXN-10062,2025-12-21 14:00:00,CUST-210,Electronics,1,310.85,East,310.85,170.97,139.88
TXN-10063,2024-10-19 19:00:00,CUST-133,Home Appliances,9,312.05,North,2808.45,1544.65,1263.8
TXN-10064,2024-12-15 23:00:00,CUST-210,Furniture,2,234.15,West,468.3,257.57,210.73
TXN-10065,2024-05-23 14:00:00,CUST-363,Electronics,8,204.5,East,1636.0,899.8,736.2
TXN-10066,2023-12-09 18:00:00,CUST-468,Furniture,9,233.14,East,2098.26,1154.04,944.22
TXN-10067,2024-08-28 21:00:00,CUST-335,Electronics,4,213.33,South,853.32,469.33,383.99
TXN-10068,2023-05-12 08:00:00,CUST-182,Electronics,8,367.94,North,2943.52,1618.94,1324.58
TXN-10069,2023-03-08 01:00:00,CUST-141,Furniture,9,76.32,West,686.88,377.78,309.1
TXN-10070,2023-06-14 07:00:00,CUST-200,Electronics,5,106.84,West,534.2,293.81,240.39
TXN-10071,2025-09-24 11:00:00,CUST-105,Home Appliances,7,98.45,East,689.15,379.03,310.12
TXN-10072,2025-03-21 17:00:00,CUST-GUEST,Electronics,4,138.61,South,554.44,304.94,249.5
TXN-10073,2023-02-12 13:00:00,CUST-381,Electronics,1,267.38,East,267.38,147.06,120.32
TXN-10074,2024-04-30 13:00:00,CUST-GUEST,Home Appliances,3,64.49,East,193.47,106.41,87.06
TXN-10075,2024-03-26 05:00:00,CUST-325,Electronics,5,435.4,East,2177.0,1197.35,979.65
TXN-10076,2024-07-13 01:00:00,CUST-414,Home Appliances,3,155.71,East,467.13,256.92,210.21
TXN-10077,2025-04-22 19:00:00,CUST-464,Electronics,7,89.64,West,627.48,345.11,282.37
TXN-10078,2023-11-29 21:00:00,CUST-328,Furniture,9,341.05,West,3069.45,1688.2,1381.25
TXN-10079,2024-02-08 20:00:00,CUST-GUEST,Home Appliances,6,28.66,East,171.96,94.58,77.38
TXN-10080,2024-06-25 06:00:00,CUST-388,Furniture,1,313.78,East,313.78,172.58,141.2
TXN-10081,2023-10-14 09:00:00,CUST-249,Electronics,7,352.12,South,2464.84,1355.66,1109.18
TXN-10082,2023-08-25 11:00:00,CUST-376,Furniture,3,115.31,East,345.93,190.26,155.67
TXN-10083,2023-01-07 17:00:00,CUST-297,Furniture,5,30.56,West,152.8,84.04,68.76
TXN-10084,2023-06-29 01:00:00,CUST-169,Furniture,4,188.19,North,752.76,414.02,338.74
TXN-10085,2023-02-11 11:00:00,CUST-211,Home Appliances,5,58.31,West,291.55,160.35,131.2
TXN-10086,2024-04-25 14:00:00,CUST-103,Home Appliances,5,67.07,South,335.35,184.44,150.91
TXN-10087,2023-11-14 21:00:00,CUST-449,Electronics,6,134.59,West,807.54,444.15,363.39
TXN-10088,2025-12-13 03:00:00,CUST-430,Home Appliances,6,154.78,North,928.68,510.77,417.91
TXN-10089,2023-02-12 08:00:00,CUST-417,Furniture,8,269.69,East,2157.52,1186.64,970.88
TXN-10090,2025-10-07 13:00:00,CUST-449,Furniture,8,342.41,North,2739.28,1506.6,1232.68
TXN-10091,2025-08-08 23:00:00,CUST-194,Home Appliances,9,300.46,East,2704.14,1487.28,1216.86
TXN-10092,2025-10-08 12:00:00,CUST-251,Furniture,8,82.7,East,661.6,363.88,297.72
TXN-10093,2025-08-26 15:00:00,CUST-410,Furniture,2,94.32,West,188.64,103.75,84.89
TXN-10094,2025-10-09 12:00:00,CUST-236,Electronics,1,440.6,West,440.6,242.33,198.27
TXN-10095,2023-12-22 09:00:00,CUST-346,Electronics,2,283.59,West,567.18,311.95,255.23
TXN-10096,2024-12-20 06:00:00,CUST-GUEST,Electronics,2,436.27,South,872.54,479.9,392.64
TXN-10097,2024-01-22 04:00:00,CUST-342,Electronics,3,192.06,West,576.18,316.9,259.28
TXN-10098,2025-06-05 07:00:00,CUST-130,Furniture,7,311.06,South,2177.42,1197.58,979.84
TXN-10099,2024-05-22 17:00:00,CUST-139,Electronics,2,266.6,West,533.2,293.26,239.94
TXN-10100,2025-06-04 03:00:00,CUST-328,Furniture,1,166.37,East,166.37,91.5,74.87
TXN-10101,2023-09-21 19:00:00,CUST-135,Home Appliances,6,240.26,South,1441.56,792.86,648.7
TXN-10102,2023-12-24 03:00:00,CUST-322,Furniture,9,256.22,North,2305.98,1268.29,1037.69
TXN-10103,2025-11-10 12:00:00,CUST-105,Home Appliances,3,108.38,South,325.14,178.83,146.31
TXN-10104,2023-10-28 08:00:00,CUST-421,Furniture,6,164.36,South,986.16,542.39,443.77
TXN-10105,2023-08-08 20:00:00,CUST-319,Furniture,3,397.79,North,1193.37,656.35,537.02
TXN-10106,2025-02-07 14:00:00,CUST-174,Home Appliances,1,458.74,South,458.74,252.31,206.43
TXN-10107,2024-11-16 08:00:00,CUST-103,Electronics,5,186.3,East,931.5,512.33,419.17
TXN-10108,2024-11-06 16:00:00,CUST-434,Home Appliances,4,160.42,West,641.68,352.92,288.76
TXN-10109,2023-11-30 14:00:00,CUST-233,Furniture,7,105.65,North,739.55,406.75,332.8
TXN-10110,2023-04-18 00:00:00,CUST-217,Home Appliances,6,342.46,West,2054.76,1130.12,924.64
TXN-10111,2025-06-29 07:00:00,CUST-468,Electronics,7,168.32,East,1178.24,648.03,530.21
TXN-10112,2023-03-26 11:00:00,CUST-193,Home Appliances,5,494.0,North,2470.0,1358.5,1111.5
TXN-10113,2023-04-23 07:00:00,CUST-161,Home Appliances,4,169.59,West,678.36,373.1,305.26
TXN-10114,2025-12-22 07:00:00,CUST-293,Electronics,7,203.13,West,1421.91,782.05,639.86
TXN-10115,2024-10-04 14:00:00,CUST-434,Home Appliances,7,305.63,East,2139.41,1176.68,962.73
TXN-10116,2023-08-08 02:00:00,CUST-GUEST,Home Appliances,6,402.83,West,2416.98,1329.34,1087.64
TXN-10117,2025-07-05 18:00:00,CUST-491,Home Appliances,8,240.06,East,1920.48,1056.26,864.22
TXN-10118,2023-10-08 16:00:00,CUST-GUEST,Electronics,4,217.1,South,868.4,477.62,390.78
TXN-10119,2023-01-17 07:00:00,CUST-272,Furniture,5,497.86,East,2489.3,1369.12,1120.18
TXN-10120,2024-08-05 18:00:00,CUST-399,Home Appliances,4,15.14,South,60.56,33.31,27.25
TXN-10121,2024-06-11 18:00:00,CUST-232,Furniture,1,448.58,North,448.58,246.72,201.86
TXN-10122,2023-09-03 12:00:00,CUST-425,Electronics,8,83.08,West,664.64,365.55,299.09
TXN-10123,2023-05-29 09:00:00,CUST-GUEST,Home Appliances,1,395.1,East,395.1,217.31,177.79
TXN-10124,2023-09-15 16:00:00,CUST-423,Home Appliances,5,312.79,East,1563.95,860.17,703.78
TXN-10125,2025-03-22 19:00:00,CUST-374,Furniture,6,177.51,West,1065.06,585.78,479.28
TXN-10126,2025-08-02 06:00:00,CUST-311,Electronics,6,438.2,West,2629.2,1446.06,1183.14
TXN-10127,2023-12-16 16:00:00,CUST-324,Electronics,5,16.32,North,81.6,44.88,36.72
TXN-10128,2024-06-28 11:00:00,CUST-GUEST,Home Appliances,3,121.08,North,363.24,199.78,163.46
TXN-10129,2024-09-28 01:00:00,CUST-212,Electronics,5,287.78,East,1438.9,791.4,647.5
TXN-10130,2025-03-23 00:00:00,CUST-239,Home Appliances,8,182.26,North,1458.08,801.94,656.14
TXN-10131,2025-09-10 07:00:00,CUST-146,Electronics,2,309.08,South,618.16,339.99,278.17
TXN-10132,2023-04-13 06:00:00,CUST-100,Home Appliances,6,21.81,North,130.86,71.97,58.89
TXN-10133,2024-05-08 05:00:00,CUST-189,Furniture,9,67.06,North,603.54,331.95,271.59
TXN-10134,2024-08-07 23:00:00,CUST-241,Furniture,8,72.28,East,578.24,318.03,260.21
TXN-10135,2025-11-23 12:00:00,CUST-419,Electronics,8,102.75,South,822.0,452.1,369.9
TXN-10136,2025-03-07 11:00:00,CUST-137,Furniture,8,235.07,North,1880.56,1034.31,846.25
TXN-10137,2024-04-01 21:00:00,CUST-392,Electronics,7,378.54,South,2649.78,1457.38,1192.4
TXN-10138,2025-10-19 10:00:00,CUST-481,Electronics,8,453.71,South,3629.68,1996.32,1633.36
TXN-10139,2024-02-11 18:00:00,CUST-238,Furniture,6,419.33,South,2515.98,1383.79,1132.19
TXN-10140,2023-07-30 16:00:00,CUST-455,Home Appliances,2,106.48,West,212.96,117.13,95.83
TXN-10141,2024-09-14 20:00:00,CUST-432,Furniture,2,226.16,West,452.32,248.78,203.54
TXN-10142,2023-12-04 22:00:00,CUST-358,Home Appliances,8,107.71,West,861.68,473.92,387.76
TXN-10143,2024-07-27 21:00:00,CUST-260,Electronics,1,139.59,West,139.59,76.77,62.82
TXN-10144,2025-04-22 16:00:00,CUST-489,Home Appliances,6,256.74,East,1540.44,847.24,693.2
TXN-10145,2024-12-26 12:00:00,CUST-277,Electronics,6,43.37,North,260.22,143.12,117.1
TXN-10146,2025-09-17 09:00:00,CUST-109,Furniture,4,116.91,West,467.64,257.2,210.44
TXN-10147,2023-01-21 22:00:00,CUST-360,Electronics,3,468.34,East,1405.02,772.76,632.26
TXN-10148,2023-10-15 22:00:00,CUST-237,Home Appliances,3,238.4,North,715.2,393.36,321.84
TXN-10149,2024-06-12 13:00:00,CUST-271,Furniture,1,228.24,West,228.24,125.53,102.71
TXN-10150,2025-11-26 06:00:00,CUST-485,Home Appliances,3,17.14,North,51.42,28.28,23.14
TXN-10151,2025-08-29 18:00:00,CUST-112,Furniture,4,131.23,West,524.92,288.71,236.21
TXN-10152,2025-05-19 16:00:00,CUST-267,Furniture,5,434.48,East,2172.4,1194.82,977.58
TXN-10153,2023-01-09 14:00:00,CUST-229,Electronics,3,90.67,South,272.01,149.61,122.4
TXN-10154,2025-06-15 14:00:00,CUST-183,Electronics,6,213.41,South,1280.46,704.25,576.21
TXN-10155,2025-07-20 17:00:00,CUST-GUEST,Furniture,5,17.02,North,85.1,46.8,38.3
TXN-10156,2025-10-01 09:00:00,CUST-418,Electronics,3,244.38,East,733.14,403.23,329.91
TXN-10157,2025-09-02 19:00:00,CUST-GUEST,Furniture,6,20.3,South,121.8,66.99,54.81
TXN-10158,2025-01-14 12:00:00,CUST-428,Furniture,6,411.61,West,2469.66,1358.31,1111.35
TXN-10159,2025-10-07 02:00:00,CUST-GUEST,Electronics,8,414.18,South,3313.44,1822.39,1491.05
TXN-10160,2024-10-25 22:00:00,CUST-364,Electronics,2,395.99,North,791.98,435.59,356.39
TXN-10161,2024-12-19 15:00:00,CUST-498,Electronics,1,148.85,North,148.85,81.87,66.98
TXN-10162,2025-03-09 22:00:00,CUST-137,Furniture,4,420.25,East,1681.0,924.55,756.45
TXN-10163,2025-09-18 08:00:00,CUST-GUEST,Home Appliances,7,276.07,North,1932.49,1062.87,869.62
TXN-10164,2023-12-31 19:00:00,CUST-GUEST,Home Appliances,3,193.17,South,579.51,318.73,260.78
TXN-10165,2025-06-14 20:00:00,CUST-404,Home Appliances,3,316.41,South,949.23,522.08,427.15
TXN-10166,2024-05-30 23:00:00,CUST-168,Electronics,5,16.05,South,80.25,44.14,36.11
TXN-10167,2025-07-22 11:00:00,CUST-417,Home Appliances,5,80.05,South,400.25,220.14,180.11
TXN-10168,2025-01-25 21:00:00,CUST-335,Electronics,3,373.72,East,1121.16,616.64,504.52
TXN-10169,2024-09-09 12:00:00,CUST-433,Home Appliances,9,129.64,West,1166.76,641.72,525.04
TXN-10170,2023-11-12 14:00:00,CUST-GUEST,Home Appliances,4,303.02,West,1212.08,666.64,545.44
TXN-10171,2023-09-23 14:00:00,CUST-475,Home Appliances,3,198.7,East,596.1,327.86,268.24
TXN-10172,2025-08-27 20:00:00,CUST-236,Home Appliances,2,428.85,North,857.7,471.74,385.96
TXN-10173,2023-03-11 22:00:00,CUST-175,Home Appliances,9,476.68,West,4290.12,2359.57,1930.55
TXN-10174,2025-03-28 18:00:00,CUST-134,Furniture,4,442.95,North,1771.8,974.49,797.31
TXN-10175,2025-05-25 20:00:00,CUST-100,Furniture,3,142.6,West,427.8,235.29,192.51
TXN-10176,2023-02-14 03:00:00,CUST-395,Electronics,7,105.14,North,735.98,404.79,331.19
TXN-10177,2025-08-18 12:00:00,CUST-419,Furniture,8,242.47,East,1939.76,1066.87,872.89
TXN-10178,2024-11-05 22:00:00,CUST-GUEST,Electronics,2,13.59,South,27.18,14.95,12.23
TXN-10179,2024-02-18 02:00:00,CUST-GUEST,Electronics,7,22.65,North,158.55,87.2,71.35
TXN-10180,2025-03-25 05:00:00,CUST-448,Furniture,5,281.11,South,1405.55,773.05,632.5
TXN-10181,2025-07-18 03:00:00,CUST-427,Electronics,5,265.02,North,1325.1,728.8,596.3
TXN-10182,2024-03-26 17:00:00,CUST-366,Furniture,3,497.35,North,1492.05,820.63,671.42
TXN-10183,2024-03-31 01:00:00,CUST-460,Home Appliances,5,108.9,North,544.5,299.48,245.02
TXN-10184,2024-02-12 21:00:00,CUST-328,Furniture,2,136.47,North,272.94,150.12,122.82
TXN-10185,2024-11-10 16:00:00,CUST-369,Electronics,4,65.63,North,262.52,144.39,118.13
TXN-10186,2024-04-13 20:00:00,CUST-415,Electronics,6,459.6,South,2757.6,1516.68,1240.92
TXN-10187,2023-04-23 05:00:00,CUST-385,Home Appliances,1,391.13,North,391.13,215.12,176.01
TXN-10188,2024-08-03 11:00:00,CUST-390,Home Appliances,4,412.95,South,1651.8,908.49,743.31
TXN-10189,2023-06-01 03:00:00,CUST-312,Home Appliances,6,452.35,East,2714.1,1492.76,1221.34
TXN-10190,2025-12-16 19:00:00,CUST-264,Electronics,9,267.2,West,2404.8,1322.64,1082.16
TXN-10191,2024-11-04 05:00:00,CUST-104,Electronics,2,231.08,North,462.16,254.19,207.97
TXN-10192,2024-02-28 21:00:00,CUST-438,Furniture,7,171.89,West,1203.23,661.78,541.45
TXN-10193,2025-06-28 18:00:00,CUST-GUEST,Furniture,6,298.72,South,1792.32,985.78,806.54
TXN-10194,2025-01-21 23:00:00,CUST-177,Electronics,2,232.6,East,465.2,255.86,209.34
TXN-10195,2025-12-23 17:00:00,CUST-161,Home Appliances,8,231.27,East,1850.16,1017.59,832.57
TXN-10196,2024-03-02 06:00:00,CUST-231,Furniture,7,469.09,East,3283.63,1806.0,1477.63
TXN-10197,2024-10-16 11:00:00,CUST-188,Electronics,5,492.18,West,2460.9,1353.5,1107.4
TXN-10198,2025-07-04 16:00:00,CUST-GUEST,Furniture,5,400.28,South,2001.4,1100.77,900.63
TXN-10199,2024-04-23 22:00:00,CUST-141,Furniture,7,380.81,North,2665.67,1466.12,1199.55
TXN-10200,2025-09-17 16:00:00,CUST-188,Electronics,9,343.47,North,3091.23,1700.18,1391.05
TXN-10201,2023-02-24 10:00:00,CUST-395,Home Appliances,9,91.38,South,822.42,452.33,370.09
TXN-10202,2023-10-10 08:00:00,CUST-427,Electronics,9,38.96,West,350.64,192.85,157.79
TXN-10203,2025-07-16 00:00:00,CUST-394,Electronics,6,348.46,North,2090.76,1149.92,940.84
TXN-10204,2024-01-30 18:00:00,CUST-203,Electronics,6,367.11,South,2202.66,1211.46,991.2
TXN-10205,2023-11-10 14:00:00,CUST-113,Home Appliances,3,33.02,North,99.06,54.48,44.58
TXN-10206,2025-11-19 13:00:00,CUST-387,Home Appliances,1,464.75,East,464.75,255.61,209.14
TXN-10207,2025-07-03 23:00:00,CUST-278,Electronics,7,54.66,North,382.62,210.44,172.18
TXN-10208,2023-08-19 10:00:00,CUST-224,Home Appliances,4,150.09,West,600.36,330.2,270.16
TXN-10209,2025-05-16 13:00:00,CUST-452,Electronics,1,339.47,South,339.47,186.71,152.76
TXN-10210,2023-06-06 04:00:00,CUST-122,Electronics,8,93.24,West,745.92,410.26,335.66
TXN-10211,2024-07-18 09:00:00,CUST-162,Home Appliances,6,37.15,South,222.9,122.6,100.3
TXN-10212,2023-01-28 15:00:00,CUST-242,Electronics,6,172.26,East,1033.56,568.46,465.1
TXN-10213,2023-03-25 06:00:00,CUST-GUEST,Furniture,2,385.33,South,770.66,423.86,346.8
TXN-10214,2023-11-30 02:00:00,CUST-244,Electronics,1,212.7,North,212.7,116.98,95.72
TXN-10215,2025-01-14 23:00:00,CUST-GUEST,Furniture,2,329.96,North,659.92,362.96,296.96
TXN-10216,2023-05-18 16:00:00,CUST-408,Furniture,4,294.01,East,1176.04,646.82,529.22
TXN-10217,2025-04-19 11:00:00,CUST-203,Home Appliances,2,20.89,South,41.78,22.98,18.8
TXN-10218,2025-06-19 16:00:00,CUST-203,Home Appliances,1,494.38,East,494.38,271.91,222.47
TXN-10219,2025-01-29 21:00:00,CUST-138,Electronics,7,30.3,North,212.1,116.66,95.44
TXN-10220,2024-07-29 08:00:00,CUST-297,Electronics,8,484.22,West,3873.76,2130.57,1743.19
TXN-10221,2023-10-02 09:00:00,CUST-233,Furniture,6,279.43,East,1676.58,922.12,754.46
TXN-10222,2025-01-06 11:00:00,CUST-166,Electronics,4,481.95,West,1927.8,1060.29,867.51
TXN-10223,2025-04-11 21:00:00,CUST-490,Furniture,6,66.23,West,397.38,218.56,178.82
TXN-10224,2024-04-30 09:00:00,CUST-278,Home Appliances,3,250.3,South,750.9,413.0,337.9
TXN-10225,2025-09-24 10:00:00,CUST-141,Electronics,8,93.06,East,744.48,409.46,335.02
TXN-10226,2025-09-13 00:00:00,CUST-114,Furniture,2,34.98,West,69.96,38.48,31.48
TXN-10227,2023-03-10 04:00:00,CUST-210,Furniture,5,312.59,West,1562.95,859.62,703.33
TXN-10228,2025-04-16 16:00:00,CUST-256,Furniture,1,111.81,South,111.81,61.5,50.31
TXN-10229,2024-12-12 18:00:00,CUST-388,Electronics,6,297.97,South,1787.82,983.3,804.52
TXN-10230,2023-07-17 09:00:00,CUST-330,Electronics,2,65.06,North,130.12,71.57,58.55
TXN-10231,2024-08-29 11:00:00,CUST-256,Home Appliances,4,172.67,West,690.68,379.87,310.81
TXN-10232,2024-08-01 05:00:00,CUST-137,Home Appliances,6,393.0,North,2358.0,1296.9,1061.1
TXN-10233,2023-02-05 14:00:00,CUST-196,Home Appliances,8,224.16,West,1793.28,986.3,806.98
TXN-10234,2025-10-19 20:00:00,CUST-388,Furniture,8,317.6,North,2540.8,1397.44,1143.36
TXN-10235,2023-09-01 23:00:00,CUST-353,Furniture,6,327.25,South,1963.5,1079.93,883.57
TXN-10236,2023-11-05 00:00:00,CUST-GUEST,Home Appliances,4,423.44,East,1693.76,931.57,762.19
TXN-10237,2025-08-12 16:00:00,CUST-185,Furniture,8,169.21,South,1353.68,744.52,609.16
TXN-10238,2024-08-04 05:00:00,CUST-421,Furniture,8,346.77,North,2774.16,1525.79,1248.37
TXN-10239,2025-06-20 09:00:00,CUST-109,Home Appliances,1,481.19,North,481.19,264.65,216.54
TXN-10240,2025-06-17 04:00:00,CUST-104,Electronics,4,367.82,East,1471.28,809.2,662.08
TXN-10241,2025-01-23 19:00:00,CUST-222,Home Appliances,4,250.04,West,1000.16,550.09,450.07
TXN-10242,2023-08-30 07:00:00,CUST-429,Home Appliances,7,319.05,North,2233.35,1228.34,1005.01
TXN-10243,2025-07-02 07:00:00,CUST-452,Home Appliances,7,372.44,North,2607.08,1433.89,1173.19
TXN-10244,2023-07-25 11:00:00,CUST-217,Furniture,8,310.02,North,2480.16,1364.09,1116.07
TXN-10245,2025-04-08 22:00:00,CUST-393,Furniture,5,18.17,East,90.85,49.97,40.88
TXN-10246,2023-01-09 10:00:00,CUST-496,Home Appliances,7,105.44,South,738.08,405.94,332.14
TXN-10247,2024-04-21 23:00:00,CUST-GUEST,Home Appliances,8,407.13,North,3257.04,1791.37,1465.67
TXN-10248,2025-05-08 10:00:00,CUST-402,Furniture,9,143.6,East,1292.4,710.82,581.58
TXN-10249,2024-06-12 16:00:00,CUST-327,Electronics,3,368.47,North,1105.41,607.98,497.43
TXN-10250,2025-11-21 22:00:00,CUST-464,Electronics,3,192.34,West,577.02,317.36,259.66
TXN-10251,2023-07-02 21:00:00,CUST-315,Furniture,4,265.72,East,1062.88,584.58,478.3
TXN-10252,2023-04-07 23:00:00,CUST-283,Electronics,5,43.31,North,216.55,119.1,97.45
TXN-10253,2023-11-30 12:00:00,CUST-114,Electronics,1,98.8,East,98.8,54.34,44.46
TXN-10254,2025-03-15 19:00:00,CUST-256,Home Appliances,7,479.03,North,3353.21,1844.27,1508.94
TXN-10255,2023-11-21 01:00:00,CUST-235,Electronics,9,446.17,South,4015.53,2208.54,1806.99
TXN-10256,2023-01-09 05:00:00,CUST-360,Electronics,8,329.61,North,2636.88,1450.28,1186.6
TXN-10257,2025-09-06 13:00:00,CUST-256,Furniture,5,235.23,East,1176.15,646.88,529.27
TXN-10258,2023-03-22 10:00:00,CUST-146,Electronics,4,341.12,West,1364.48,750.46,614.02
TXN-10259,2024-05-05 14:00:00,CUST-423,Electronics,7,313.12,West,2191.84,1205.51,986.33
TXN-10260,2024-09-20 15:00:00,CUST-GUEST,Electronics,5,288.59,West,1442.95,793.62,649.33
TXN-10261,2025-08-02 15:00:00,CUST-272,Furniture,7,39.0,North,273.0,150.15,122.85
TXN-10262,2025-11-15 08:00:00,CUST-229,Electronics,1,320.07,South,320.07,176.04,144.03
TXN-10263,2024-01-25 03:00:00,CUST-194,Home Appliances,1,386.77,North,386.77,212.72,174.05
TXN-10264,2025-05-11 02:00:00,CUST-214,Furniture,3,497.1,West,1491.3,820.22,671.08
TXN-10265,2024-04-27 21:00:00,CUST-342,Furniture,2,15.43,East,30.86,16.97,13.89
TXN-10266,2025-02-26 07:00:00,CUST-391,Furniture,2,367.78,West,735.56,404.56,331.0
TXN-10267,2024-10-16 12:00:00,CUST-381,Home Appliances,7,290.18,East,2031.26,1117.19,914.07
TXN-10268,2024-12-11 03:00:00,CUST-398,Home Appliances,2,222.69,South,445.38,244.96,200.42
TXN-10269,2023-04-28 03:00:00,CUST-382,Electronics,4,72.51,East,290.04,159.52,130.52
TXN-10270,2025-09-05 10:00:00,CUST-168,Furniture,2,210.45,North,420.9,231.5,189.4
TXN-10271,2024-08-16 11:00:00,CUST-247,Electronics,6,183.64,North,1101.84,606.01,495.83
TXN-10272,2023-09-30 18:00:00,CUST-110,Furniture,8,158.39,North,1267.12,696.92,570.2
TXN-10273,2025-12-17 01:00:00,CUST-353,Electronics,4,368.13,East,1472.52,809.89,662.63
TXN-10274,2023-03-24 18:00:00,CUST-GUEST,Furniture,5,353.36,North,1766.8,971.74,795.06
TXN-10275,2023-12-14 10:00:00,CUST-459,Electronics,4,298.62,North,1194.48,656.96,537.52
TXN-10276,2024-04-20 11:00:00,CUST-137,Electronics,3,469.95,North,1409.85,775.42,634.43
TXN-10277,2023-05-02 07:00:00,CUST-233,Electronics,5,181.43,South,907.15,498.93,408.22
TXN-10278,2023-03-14 06:00:00,CUST-299,Home Appliances,9,129.46,East,1165.14,640.83,524.31
TXN-10279,2025-01-29 11:00:00,CUST-122,Furniture,8,331.39,East,2651.12,1458.12,1193.0
TXN-10280,2023-12-28 16:00:00,CUST-GUEST,Electronics,8,107.42,West,859.36,472.65,386.71
TXN-10281,2025-03-17 16:00:00,CUST-445,Electronics,8,164.36,East,1314.88,723.18,591.7
TXN-10282,2025-02-03 07:00:00,CUST-401,Furniture,8,120.06,South,960.48,528.26,432.22
TXN-10283,2023-08-28 23:00:00,CUST-462,Home Appliances,7,43.89,East,307.23,168.98,138.25
TXN-10284,2025-08-19 14:00:00,CUST-495,Home Appliances,8,415.47,South,3323.76,1828.07,1495.69
TXN-10285,2023-04-10 09:00:00,CUST-317,Home Appliances,8,134.72,South,1077.76,592.77,484.99
TXN-10286,2024-04-07 23:00:00,CUST-240,Electronics,8,241.78,East,1934.24,1063.83,870.41
TXN-10287,2023-07-17 08:00:00,CUST-203,Electronics,7,31.22,West,218.54,120.2,98.34
TXN-10288,2023-03-17 02:00:00,CUST-309,Home Appliances,1,352.68,North,352.68,193.97,158.71
TXN-10289,2023-12-06 19:00:00,CUST-GUEST,Electronics,4,171.97,North,687.88,378.33,309.55
TXN-10290,2023-12-05 08:00:00,CUST-203,Electronics,4,374.92,East,1499.68,824.82,674.86
TXN-10291,2023-10-03 16:00:00,CUST-415,Furniture,5,212.08,East,1060.4,583.22,477.18
TXN-10292,2024-08-17 01:00:00,CUST-270,Electronics,6,105.92,South,635.52,349.54,285.98
TXN-10293,2024-08-26 14:00:00,CUST-GUEST,Home Appliances,4,261.46,East,1045.84,575.21,470.63
TXN-10294,2025-07-02 06:00:00,CUST-GUEST,Furniture,2,73.95,South,147.9,81.35,66.55
TXN-10295,2025-05-01 21:00:00,CUST-232,Furniture,6,225.86,West,1355.16,745.34,609.82
TXN-10296,2024-11-24 14:00:00,CUST-475,Furniture,8,165.48,East,1323.84,728.11,595.73
TXN-10297,2024-08-09 11:00:00,CUST-392,Furniture,8,456.86,North,3654.88,2010.18,1644.7
TXN-10298,2025-08-02 15:00:00,CUST-427,Electronics,7,39.86,North,279.02,153.46,125.56
TXN-10299,2025-11-15 23:00:00,CUST-226,Electronics,6,350.07,East,2100.42,1155.23,945.19
TXN-10300,2024-01-19 16:00:00,CUST-205,Home Appliances,2,99.55,South,199.1,109.51,89.59
TXN-10301,2024-11-13 03:00:00,CUST-191,Furniture,7,166.33,North,1164.31,640.37,523.94
TXN-10302,2024-05-08 03:00:00,CUST-386,Electronics,5,213.6,South,1068.0,587.4,480.6
TXN-10303,2024-07-02 16:00:00,CUST-477,Home Appliances,6,454.93,East,2729.58,1501.27,1228.31
TXN-10304,2023-03-27 09:00:00,CUST-492,Electronics,8,128.86,East,1030.88,566.98,463.9
TXN-10305,2023-08-14 23:00:00,CUST-150,Home Appliances,8,54.74,North,437.92,240.86,197.06
TXN-10306,2024-08-30 21:00:00,CUST-128,Electronics,3,166.16,East,498.48,274.16,224.32
TXN-10307,2025-05-22 04:00:00,CUST-395,Electronics,7,61.29,West,429.03,235.97,193.06
TXN-10308,2025-03-23 04:00:00,CUST-396,Furniture,1,73.01,West,73.01,40.16,32.85
TXN-10309,2023-10-26 06:00:00,CUST-313,Electronics,1,291.19,North,291.19,160.15,131.04
TXN-10310,2024-03-03 00:00:00,CUST-366,Home Appliances,7,39.84,West,278.88,153.38,125.5
TXN-10311,2023-11-05 08:00:00,CUST-356,Home Appliances,9,25.16,South,226.44,124.54,101.9
TXN-10312,2025-03-25 18:00:00,CUST-401,Electronics,7,360.06,North,2520.42,1386.23,1134.19
TXN-10313,2024-02-16 10:00:00,CUST-200,Electronics,5,187.21,North,936.05,514.83,421.22
TXN-10314,2024-09-23 07:00:00,CUST-445,Electronics,8,71.43,South,571.44,314.29,257.15
TXN-10315,2025-02-15 15:00:00,CUST-209,Electronics,2,134.27,West,268.54,147.7,120.84
TXN-10316,2023-02-18 02:00:00,CUST-281,Furniture,9,324.62,West,2921.58,1606.87,1314.71
TXN-10317,2023-07-07 11:00:00,CUST-412,Home Appliances,6,145.01,West,870.06,478.53,391.53
TXN-10318,2023-09-20 07:00:00,CUST-100,Furniture,9,252.32,North,2270.88,1248.98,1021.9
TXN-10319,2025-07-29 21:00:00,CUST-418,Electronics,2,69.63,North,139.26,76.59,62.67
TXN-10320,2025-12-30 16:00:00,CUST-154,Electronics,3,298.17,West,894.51,491.98,402.53
TXN-10321,2024-05-22 15:00:00,CUST-470,Electronics,8,164.88,East,1319.04,725.47,593.57
TXN-10322,2024-06-20 10:00:00,CUST-498,Home Appliances,1,317.21,West,317.21,174.47,142.74
TXN-10323,2025-01-21 08:00:00,CUST-248,Electronics,7,406.11,South,2842.77,1563.52,1279.25
TXN-10324,2023-08-19 19:00:00,CUST-408,Electronics,7,309.71,North,2167.97,1192.38,975.59
TXN-10325,2024-02-06 13:00:00,CUST-236,Electronics,1,154.92,South,154.92,85.21,69.71
TXN-10326,2025-05-07 15:00:00,CUST-GUEST,Home Appliances,9,135.31,South,1217.79,669.78,548.01
TXN-10327,2025-10-31 13:00:00,CUST-412,Home Appliances,8,170.44,North,1363.52,749.94,613.58
TXN-10328,2024-10-11 10:00:00,CUST-216,Home Appliances,4,90.66,East,362.64,199.45,163.19
TXN-10329,2023-04-17 13:00:00,CUST-253,Furniture,5,98.77,West,493.85,271.62,222.23
TXN-10330,2023-08-22 00:00:00,CUST-390,Furniture,2,397.44,South,794.88,437.18,357.7
TXN-10331,2024-11-17 18:00:00,CUST-162,Furniture,9,198.52,North,1786.68,982.67,804.01
TXN-10332,2023-04-02 16:00:00,CUST-343,Home Appliances,6,223.64,South,1341.84,738.01,603.83
TXN-10333,2024-08-13 12:00:00,CUST-124,Electronics,3,301.08,West,903.24,496.78,406.46
TXN-10334,2023-05-04 09:00:00,CUST-GUEST,Home Appliances,7,298.93,East,2092.51,1150.88,941.63
TXN-10335,2024-08-14 23:00:00,CUST-174,Electronics,9,43.01,East,387.09,212.9,174.19
TXN-10336,2025-06-08 21:00:00,CUST-393,Furniture,3,417.45,East,1252.35,688.79,563.56
TXN-10337,2025-05-17 09:00:00,CUST-485,Electronics,2,96.89,North,193.78,106.58,87.2
TXN-10338,2024-05-13 17:00:00,CUST-490,Furniture,7,364.31,North,2550.17,1402.59,1147.58
TXN-10339,2023-04-30 13:00:00,CUST-309,Electronics,7,388.61,East,2720.27,1496.15,1224.12
TXN-10340,2024-12-23 12:00:00,CUST-446,Home Appliances,4,360.3,West,1441.2,792.66,648.54
TXN-10341,2024-08-06 00:00:00,CUST-116,Electronics,9,293.7,West,2643.3,1453.82,1189.48
TXN-10342,2025-10-27 16:00:00,CUST-227,Home Appliances,8,17.16,North,137.28,75.5,61.78
TXN-10343,2023-08-26 11:00:00,CUST-463,Home Appliances,1,186.58,East,186.58,102.62,83.96
TXN-10344,2025-08-30 00:00:00,CUST-350,Electronics,1,306.37,West,306.37,168.5,137.87
TXN-10345,2025-05-19 21:00:00,CUST-278,Electronics,5,199.85,West,999.25,549.59,449.66
TXN-10346,2025-12-14 04:00:00,CUST-281,Home Appliances,6,433.11,West,2598.66,1429.26,1169.4
TXN-10347,2025-06-06 07:00:00,CUST-251,Electronics,3,161.31,North,483.93,266.16,217.77
TXN-10348,2023-06-16 03:00:00,CUST-124,Electronics,9,153.83,East,1384.47,761.46,623.01
TXN-10349,2025-12-23 15:00:00,CUST-279,Electronics,6,140.34,South,842.04,463.12,378.92
TXN-10350,2025-07-22 07:00:00,CUST-297,Electronics,4,173.06,East,692.24,380.73,311.51
TXN-10351,2024-07-14 06:00:00,CUST-GUEST,Furniture,7,283.13,East,1981.91,1090.05,891.86
TXN-10352,2023-02-20 18:00:00,CUST-260,Home Appliances,8,356.44,North,2851.52,1568.34,1283.18
TXN-10353,2025-05-20 00:00:00,CUST-276,Furniture,9,334.66,West,3011.94,1656.57,1355.37
TXN-10354,2023-07-17 07:00:00,CUST-384,Home Appliances,6,405.78,West,2434.68,1339.07,1095.61
TXN-10355,2024-04-15 16:00:00,CUST-162,Home Appliances,6,444.1,North,2664.6,1465.53,1199.07
TXN-10356,2023-07-09 19:00:00,CUST-249,Furniture,8,409.88,North,3279.04,1803.47,1475.57
TXN-10357,2024-01-17 02:00:00,CUST-253,Electronics,5,19.28,North,96.4,53.02,43.38
TXN-10358,2023-12-02 10:00:00,CUST-255,Furniture,3,370.6,North,1111.8,611.49,500.31
TXN-10359,2024-06-15 13:00:00,CUST-GUEST,Home Appliances,3,112.12,North,336.36,185.0,151.36
TXN-10360,2025-04-06 06:00:00,CUST-148,Electronics,6,75.13,South,450.78,247.93,202.85
TXN-10361,2024-12-27 05:00:00,CUST-436,Furniture,2,322.86,East,645.72,355.15,290.57
TXN-10362,2023-10-15 05:00:00,CUST-183,Home Appliances,6,166.67,East,1000.02,550.01,450.01
TXN-10363,2025-01-23 05:00:00,CUST-460,Furniture,6,37.99,East,227.94,125.37,102.57
TXN-10364,2024-08-21 21:00:00,CUST-276,Furniture,8,77.44,West,619.52,340.74,278.78
TXN-10365,2024-08-29 21:00:00,CUST-247,Furniture,7,10.46,South,73.22,40.27,32.95
TXN-10366,2023-05-24 04:00:00,CUST-GUEST,Home Appliances,8,452.58,East,3620.64,1991.35,1629.29
TXN-10367,2023-12-31 18:00:00,CUST-441,Home Appliances,9,22.06,West,198.54,109.2,89.34
TXN-10368,2024-03-20 21:00:00,CUST-162,Furniture,6,112.63,South,675.78,371.68,304.1
TXN-10369,2023-09-03 15:00:00,CUST-288,Furniture,3,213.97,South,641.91,353.05,288.86
TXN-10370,2025-04-02 10:00:00,CUST-459,Electronics,3,184.72,West,554.16,304.79,249.37
TXN-10371,2024-11-23 01:00:00,CUST-148,Electronics,1,456.75,South,456.75,251.21,205.54
TXN-10372,2024-10-13 12:00:00,CUST-426,Furniture,5,29.74,West,148.7,81.78,66.92
TXN-10373,2025-06-05 13:00:00,CUST-356,Furniture,4,260.99,East,1043.96,574.18,469.78
TXN-10374,2023-10-20 14:00:00,CUST-GUEST,Home Appliances,9,343.43,West,3090.87,1699.98,1390.89
TXN-10375,2024-01-17 07:00:00,CUST-240,Furniture,9,466.53,South,4198.77,2309.32,1889.45
TXN-10376,2023-08-22 08:00:00,CUST-314,Electronics,5,313.98,East,1569.9,863.45,706.45
TXN-10377,2023-11-30 04:00:00,CUST-478,Electronics,4,403.84,East,1615.36,888.45,726.91
TXN-10378,2024-01-11 07:00:00,CUST-310,Home Appliances,7,51.03,North,357.21,196.47,160.74
TXN-10379,2024-06-23 10:00:00,CUST-GUEST,Electronics,6,199.11,North,1194.66,657.06,537.6
TXN-10380,2025-09-29 19:00:00,CUST-131,Electronics,4,193.23,South,772.92,425.11,347.81
TXN-10381,2023-07-13 10:00:00,CUST-GUEST,Electronics,2,444.28,West,888.56,488.71,399.85
TXN-10382,2024-04-16 08:00:00,CUST-384,Furniture,1,84.17,West,84.17,46.29,37.88
TXN-10383,2023-11-16 23:00:00,CUST-404,Furniture,4,84.42,South,337.68,185.72,151.96
TXN-10384,2023-12-09 00:00:00,CUST-385,Electronics,4,170.99,East,683.96,376.18,307.78
TXN-10385,2025-09-15 11:00:00,CUST-243,Home Appliances,1,36.69,South,36.69,20.18,16.51
TXN-10386,2025-12-11 19:00:00,CUST-GUEST,Furniture,6,99.4,South,596.4,328.02,268.38
TXN-10387,2025-02-13 13:00:00,CUST-117,Furniture,4,482.95,East,1931.8,1062.49,869.31
TXN-10388,2024-03-22 12:00:00,CUST-356,Electronics,1,219.81,West,219.81,120.9,98.91
TXN-10389,2024-12-28 05:00:00,CUST-177,Home Appliances,1,319.69,South,319.69,175.83,143.86
TXN-10390,2023-05-24 12:00:00,CUST-470,Home Appliances,1,365.79,West,365.79,201.18,164.61
TXN-10391,2024-03-24 05:00:00,CUST-274,Home Appliances,8,189.81,South,1518.48,835.16,683.32
TXN-10392,2024-08-24 10:00:00,CUST-293,Home Appliances,8,82.14,East,657.12,361.42,295.7
TXN-10393,2023-02-14 04:00:00,CUST-GUEST,Electronics,2,111.22,East,222.44,122.34,100.1
TXN-10394,2025-02-18 15:00:00,CUST-GUEST,Furniture,7,163.5,North,1144.5,629.48,515.02
TXN-10395,2023-05-23 12:00:00,CUST-321,Electronics,8,321.67,East,2573.36,1415.35,1158.01
TXN-10396,2023-01-13 13:00:00,CUST-265,Electronics,8,205.16,North,1641.28,902.7,738.58
TXN-10397,2024-06-03 12:00:00,CUST-418,Home Appliances,7,13.34,South,93.38,51.36,42.02
TXN-10398,2024-12-08 22:00:00,CUST-231,Electronics,5,266.47,West,1332.35,732.79,599.56
TXN-10399,2025-03-25 18:00:00,CUST-484,Furniture,1,461.54,East,461.54,253.85,207.69
TXN-10400,2023-01-30 03:00:00,CUST-363,Home Appliances,9,407.92,East,3671.28,2019.2,1652.08
TXN-10401,2025-06-13 16:00:00,CUST-154,Electronics,7,414.35,East,2900.45,1595.25,1305.2
TXN-10402,2025-12-07 11:00:00,CUST-458,Home Appliances,2,399.58,South,799.16,439.54,359.62
TXN-10403,2023-01-08 22:00:00,CUST-230,Home Appliances,6,168.63,North,1011.78,556.48,455.3
TXN-10404,2024-03-13 04:00:00,CUST-387,Electronics,2,384.94,South,769.88,423.43,346.45
TXN-10405,2024-12-24 12:00:00,CUST-365,Furniture,1,80.15,West,80.15,44.08,36.07
TXN-10406,2023-05-04 23:00:00,CUST-465,Electronics,7,332.28,South,2325.96,1279.28,1046.68
TXN-10407,2023-09-12 06:00:00,CUST-261,Electronics,2,324.37,West,648.74,356.81,291.93
TXN-10408,2025-01-02 00:00:00,CUST-479,Electronics,2,22.53,East,45.06,24.78,20.28
TXN-10409,2025-04-01 07:00:00,CUST-186,Home Appliances,5,396.11,West,1980.55,1089.3,891.25
TXN-10410,2025-04-04 02:00:00,CUST-154,Furniture,5,452.59,West,2262.95,1244.62,1018.33
TXN-10411,2025-10-26 07:00:00,CUST-387,Electronics,7,141.03,North,987.21,542.97,444.24
TXN-10412,2023-03-17 16:00:00,CUST-277,Electronics,1,408.07,West,408.07,224.44,183.63
TXN-10413,2025-07-15 14:00:00,CUST-490,Furniture,8,50.38,West,403.04,221.67,181.37
TXN-10414,2025-08-20 05:00:00,CUST-448,Electronics,3,303.98,South,911.94,501.57,410.37
TXN-10415,2023-01-24 17:00:00,CUST-107,Furniture,4,247.97,East,991.88,545.53,446.35
TXN-10416,2023-08-15 18:00:00,CUST-420,Home Appliances,9,277.5,South,2497.5,1373.62,1123.88
TXN-10417,2023-03-20 23:00:00,CUST-412,Furniture,4,463.84,South,1855.36,1020.45,834.91
TXN-10418,2025-03-07 13:00:00,CUST-346,Electronics,5,436.94,East,2184.7,1201.58,983.12
TXN-10419,2023-06-10 23:00:00,CUST-422,Electronics,7,394.69,East,2762.83,1519.56,1243.27
TXN-10420,2024-06-22 01:00:00,CUST-354,Furniture,4,144.11,West,576.44,317.04,259.4
TXN-10421,2023-11-07 15:00:00,CUST-GUEST,Home Appliances,1,456.79,West,456.79,251.23,205.56
TXN-10422,2023-06-17 06:00:00,CUST-153,Electronics,9,57.78,North,520.02,286.01,234.01
TXN-10423,2024-04-07 05:00:00,CUST-348,Furniture,4,428.13,South,1712.52,941.89,770.63
TXN-10424,2025-01-22 22:00:00,CUST-338,Electronics,9,170.8,East,1537.2,845.46,691.74
TXN-10425,2023-05-06 09:00:00,CUST-328,Furniture,6,36.35,West,218.1,119.96,98.14
TXN-10426,2025-10-04 22:00:00,CUST-166,Electronics,1,337.98,East,337.98,185.89,152.09
TXN-10427,2024-11-20 02:00:00,CUST-150,Furniture,3,123.33,West,369.99,203.49,166.5
TXN-10428,2024-03-23 01:00:00,CUST-196,Home Appliances,2,129.35,North,258.7,142.28,116.42
TXN-10429,2023-02-28 17:00:00,CUST-191,Electronics,9,159.96,North,1439.64,791.8,647.84
TXN-10430,2024-05-25 09:00:00,CUST-363,Furniture,1,41.21,East,41.21,22.67,18.54
TXN-10431,2023-02-02 16:00:00,CUST-GUEST,Electronics,9,96.79,North,871.11,479.11,392.0
TXN-10432,2023-12-04 08:00:00,CUST-195,Electronics,9,12.52,East,112.68,61.97,50.71
TXN-10433,2023-11-12 00:00:00,CUST-187,Home Appliances,8,228.25,West,1826.0,1004.3,821.7
TXN-10434,2024-06-06 05:00:00,CUST-177,Furniture,8,51.29,South,410.32,225.68,184.64
TXN-10435,2023-11-02 23:00:00,CUST-387,Electronics,1,344.5,North,344.5,189.48,155.02
TXN-10436,2023-10-28 06:00:00,CUST-219,Electronics,8,125.46,West,1003.68,552.02,451.66
TXN-10437,2025-07-04 20:00:00,CUST-401,Home Appliances,3,472.35,South,1417.05,779.38,637.67
TXN-10438,2023-08-30 17:00:00,CUST-GUEST,Electronics,7,436.91,South,3058.37,1682.1,1376.27
TXN-10439,2025-03-10 14:00:00,CUST-264,Home Appliances,1,151.83,South,151.83,83.51,68.32
TXN-10440,2024-12-06 01:00:00,CUST-281,Electronics,1,393.78,West,393.78,216.58,177.2
TXN-10441,2023-09-07 10:00:00,CUST-497,Home Appliances,5,403.59,West,2017.95,1109.87,908.08
TXN-10442,2025-01-29 09:00:00,CUST-GUEST,Electronics,5,493.42,East,2467.1,1356.9,1110.2
TXN-10443,2024-03-19 15:00:00,CUST-410,Electronics,8,302.94,South,2423.52,1332.94,1090.58
TXN-10444,2023-12-30 04:00:00,CUST-GUEST,Electronics,7,50.16,South,351.12,193.12,158.0
TXN-10445,2025-08-31 03:00:00,CUST-429,Home Appliances,8,326.95,South,2615.6,1438.58,1177.02
TXN-10446,2025-07-06 01:00:00,CUST-362,Furniture,6,316.24,East,1897.44,1043.59,853.85
TXN-10447,2025-03-16 14:00:00,CUST-260,Electronics,6,322.79,South,1936.74,1065.21,871.53
TXN-10448,2025-10-12 16:00:00,CUST-250,Home Appliances,2,160.5,West,321.0,176.55,144.45
TXN-10449,2024-05-28 11:00:00,CUST-184,Home Appliances,6,431.24,South,2587.44,1423.09,1164.35
TXN-10450,2023-07-19 04:00:00,CUST-GUEST,Electronics,5,480.14,North,2400.7,1320.38,1080.32
TXN-10451,2023-04-09 16:00:00,CUST-GUEST,Home Appliances,3,116.68,West,350.04,192.52,157.52
TXN-10452,2024-05-16 15:00:00,CUST-480,Home Appliances,6,53.19,East,319.14,175.53,143.61
TXN-10453,2023-10-05 07:00:00,CUST-135,Home Appliances,8,105.32,South,842.56,463.41,379.15
TXN-10454,2023-12-07 13:00:00,CUST-384,Electronics,9,412.07,North,3708.63,2039.75,1668.88
TXN-10455,2023-07-07 07:00:00,CUST-287,Electronics,1,341.56,East,341.56,187.86,153.7
TXN-10456,2024-03-29 21:00:00,CUST-181,Furniture,3,321.66,East,964.98,530.74,434.24
TXN-10457,2025-11-30 11:00:00,CUST-101,Furniture,3,206.88,West,620.64,341.35,279.29
TXN-10458,2025-07-21 18:00:00,CUST-484,Furniture,8,293.14,East,2345.12,1289.82,1055.3
TXN-10459,2025-08-16 06:00:00,CUST-402,Furniture,1,160.86,East,160.86,88.47,72.39
TXN-10460,2025-12-08 14:00:00,CUST-296,Furniture,5,243.83,East,1219.15,670.53,548.62
TXN-10461,2024-07-12 11:00:00,CUST-110,Home Appliances,3,398.6,East,1195.8,657.69,538.11
TXN-10462,2024-06-30 17:00:00,CUST-333,Furniture,2,490.81,South,981.62,539.89,441.73
TXN-10463,2025-07-18 07:00:00,CUST-485,Furniture,8,466.92,South,3735.36,2054.45,1680.91
TXN-10464,2024-04-01 22:00:00,CUST-GUEST,Home Appliances,3,467.59,South,1402.77,771.52,631.25
TXN-10465,2023-02-05 13:00:00,CUST-218,Furniture,7,207.09,South,1449.63,797.3,652.33
TXN-10466,2025-05-05 10:00:00,CUST-495,Electronics,1,239.71,North,239.71,131.84,107.87
TXN-10467,2025-04-19 17:00:00,CUST-119,Electronics,6,355.76,South,2134.56,1174.01,960.55
TXN-10468,2024-12-07 14:00:00,CUST-360,Electronics,3,461.87,East,1385.61,762.09,623.52
TXN-10469,2024-12-31 12:00:00,CUST-392,Home Appliances,8,79.58,South,636.64,350.15,286.49
TXN-10470,2025-08-02 21:00:00,CUST-355,Electronics,6,159.08,South,954.48,524.96,429.52
TXN-10471,2025-08-09 17:00:00,CUST-321,Furniture,2,78.23,West,156.46,86.05,70.41
TXN-10472,2025-09-22 13:00:00,CUST-492,Furniture,6,309.88,East,1859.28,1022.6,836.68
TXN-10473,2024-02-17 19:00:00,CUST-325,Home Appliances,7,160.09,South,1120.63,616.35,504.28
TXN-10474,2023-07-19 01:00:00,CUST-152,Electronics,5,169.79,South,848.95,466.92,382.03
TXN-10475,2025-04-23 06:00:00,CUST-454,Furniture,3,44.75,South,134.25,73.84,60.41
TXN-10476,2024-10-01 02:00:00,CUST-441,Furniture,4,181.4,North,725.6,399.08,326.52
TXN-10477,2023-04-14 19:00:00,CUST-463,Furniture,4,432.62,South,1730.48,951.76,778.72
TXN-10478,2024-09-30 16:00:00,CUST-379,Electronics,6,124.21,West,745.26,409.89,335.37
TXN-10479,2024-08-31 07:00:00,CUST-180,Furniture,1,350.64,East,350.64,192.85,157.79
TXN-10480,2025-03-23 20:00:00,CUST-301,Furniture,4,318.52,East,1274.08,700.74,573.34
TXN-10481,2025-07-08 19:00:00,CUST-257,Furniture,4,433.11,South,1732.44,952.84,779.6
TXN-10482,2023-05-08 03:00:00,CUST-219,Furniture,1,74.82,South,74.82,41.15,33.67
TXN-10483,2024-10-27 19:00:00,CUST-158,Electronics,9,489.02,South,4401.18,2420.65,1980.53
TXN-10484,2024-11-13 20:00:00,CUST-314,Electronics,4,295.49,East,1181.96,650.08,531.88
TXN-10485,2025-06-19 06:00:00,CUST-227,Electronics,7,497.78,East,3484.46,1916.45,1568.01
TXN-10486,2025-06-23 03:00:00,CUST-323,Furniture,3,456.64,North,1369.92,753.46,616.46
TXN-10487,2025-06-04 13:00:00,CUST-308,Home Appliances,3,118.54,West,355.62,195.59,160.03
TXN-10488,2023-02-06 12:00:00,CUST-GUEST,Home Appliances,8,37.52,North,300.16,165.09,135.07
TXN-10489,2025-12-01 07:00:00,CUST-214,Home Appliances,8,135.26,West,1082.08,595.14,486.94
TXN-10490,2025-09-02 11:00:00,CUST-308,Electronics,1,268.51,North,268.51,147.68,120.83
TXN-10491,2023-06-22 14:00:00,CUST-113,Furniture,2,94.08,East,188.16,103.49,84.67
TXN-10492,2024-09-25 10:00:00,CUST-108,Furniture,8,92.06,North,736.48,405.06,331.42
TXN-10493,2023-10-18 06:00:00,CUST-139,Furniture,1,236.67,West,236.67,130.17,106.5
TXN-10494,2023-10-22 23:00:00,CUST-336,Electronics,8,26.3,South,210.4,115.72,94.68
TXN-10495,2023-11-29 19:00:00,CUST-380,Furniture,8,69.73,West,557.84,306.81,251.03
TXN-10496,2023-10-11 07:00:00,CUST-458,Home Appliances,2,213.77,South,427.54,235.15,192.39
TXN-10497,2023-07-06 01:00:00,CUST-300,Furniture,4,40.93,East,163.72,90.05,73.67
TXN-10498,2024-12-10 03:00:00,CUST-345,Home Appliances,6,204.41,West,1226.46,674.55,551.91
TXN-10499,2024-07-13 01:00:00,CUST-GUEST,Electronics,9,242.26,North,2180.34,1199.19,981.15
TXN-10500,2025-01-23 05:00:00,CUST-GUEST,Furniture,8,231.12,West,1848.96,1016.93,832.03
TXN-10501,2025-12-30 02:00:00,CUST-103,Electronics,8,435.9,South,3487.2,1917.96,1569.24
TXN-10502,2025-05-30 16:00:00,CUST-253,Furniture,7,269.73,East,1888.11,1038.46,849.65
TXN-10503,2023-12-13 07:00:00,CUST-128,Furniture,9,239.31,North,2153.79,1184.58,969.21
TXN-10504,2024-12-18 06:00:00,CUST-208,Furniture,2,211.25,West,422.5,232.38,190.12
TXN-10505,2024-08-10 10:00:00,CUST-197,Home Appliances,3,410.64,South,1231.92,677.56,554.36
TXN-10506,2023-08-04 17:00:00,CUST-314,Electronics,8,448.58,North,3588.64,1973.75,1614.89
TXN-10507,2024-08-17 06:00:00,CUST-GUEST,Electronics,6,428.09,East,2568.54,1412.7,1155.84
TXN-10508,2025-12-17 01:00:00,CUST-174,Home Appliances,9,340.04,North,3060.36,1683.2,1377.16
TXN-10509,2025-11-20 20:00:00,CUST-425,Home Appliances,4,77.31,East,309.24,170.08,139.16
TXN-10510,2023-12-13 04:00:00,CUST-245,Electronics,8,145.67,North,1165.36,640.95,524.41
TXN-10511,2023-09-05 21:00:00,CUST-227,Home Appliances,3,32.57,West,97.71,53.74,43.97
TXN-10512,2025-03-11 22:00:00,CUST-440,Furniture,3,466.1,South,1398.3,769.06,629.24
TXN-10513,2023-02-17 22:00:00,CUST-141,Furniture,8,333.79,West,2670.32,1468.68,1201.64
TXN-10514,2025-09-24 16:00:00,CUST-455,Furniture,5,375.72,West,1878.6,1033.23,845.37
TXN-10515,2023-03-22 11:00:00,CUST-140,Furniture,3,162.67,East,488.01,268.41,219.6
TXN-10516,2024-01-19 12:00:00,CUST-GUEST,Electronics,1,424.37,East,424.37,233.4,190.97
TXN-10517,2025-01-22 00:00:00,CUST-GUEST,Furniture,3,137.21,East,411.63,226.4,185.23
TXN-10518,2023-02-15 01:00:00,CUST-264,Electronics,9,10.81,West,97.29,53.51,43.78
TXN-10519,2024-12-05 00:00:00,CUST-252,Home Appliances,5,194.44,North,972.2,534.71,437.49
TXN-10520,2024-07-12 15:00:00,CUST-477,Furniture,2,289.67,North,579.34,318.64,260.7
TXN-10521,2023-11-22 05:00:00,CUST-GUEST,Home Appliances,7,244.57,West,1711.99,941.59,770.4
TXN-10522,2023-08-07 05:00:00,CUST-186,Home Appliances,2,432.42,West,864.84,475.66,389.18
TXN-10523,2024-12-06 23:00:00,CUST-216,Home Appliances,4,61.65,South,246.6,135.63,110.97
TXN-10524,2025-04-15 16:00:00,CUST-461,Furniture,7,281.37,East,1969.59,1083.27,886.32
TXN-10525,2024-06-16 07:00:00,CUST-441,Electronics,4,261.36,East,1045.44,574.99,470.45
TXN-10526,2025-09-18 04:00:00,CUST-126,Furniture,7,147.88,West,1035.16,569.34,465.82
TXN-10527,2024-11-07 20:00:00,CUST-412,Furniture,7,412.89,West,2890.23,1589.63,1300.6
TXN-10528,2024-07-03 08:00:00,CUST-386,Home Appliances,1,378.9,North,378.9,208.4,170.5
TXN-10529,2023-05-20 07:00:00,CUST-233,Furniture,6,369.1,West,2214.6,1218.03,996.57
TXN-10530,2024-07-16 12:00:00,CUST-318,Electronics,9,439.33,North,3953.97,2174.68,1779.29
TXN-10531,2025-05-02 06:00:00,CUST-267,Furniture,2,364.16,West,728.32,400.58,327.74
TXN-10532,2024-02-07 14:00:00,CUST-197,Home Appliances,3,123.6,South,370.8,203.94,166.86
TXN-10533,2024-12-07 20:00:00,CUST-367,Home Appliances,5,355.73,South,1778.65,978.26,800.39
TXN-10534,2024-09-22 05:00:00,CUST-GUEST,Furniture,9,160.77,North,1446.93,795.81,651.12
TXN-10535,2025-09-01 12:00:00,CUST-408,Furniture,4,128.67,East,514.68,283.07,231.61
TXN-10536,2023-12-05 18:00:00,CUST-493,Electronics,1,45.77,South,45.77,25.17,20.6
TXN-10537,2025-03-24 19:00:00,CUST-GUEST,Home Appliances,4,374.57,North,1498.28,824.05,674.23
TXN-10538,2025-05-09 17:00:00,CUST-GUEST,Furniture,6,358.39,West,2150.34,1182.69,967.65
TXN-10539,2023-03-11 23:00:00,CUST-221,Electronics,5,124.9,West,624.5,343.48,281.02
TXN-10540,2023-05-27 02:00:00,CUST-145,Electronics,1,377.2,North,377.2,207.46,169.74
TXN-10541,2024-07-07 12:00:00,CUST-163,Electronics,4,459.74,East,1838.96,1011.43,827.53
TXN-10542,2023-10-30 05:00:00,CUST-GUEST,Electronics,6,62.93,North,377.58,207.67,169.91
TXN-10543,2025-03-08 00:00:00,CUST-GUEST,Home Appliances,4,123.99,North,495.96,272.78,223.18
TXN-10544,2024-01-29 03:00:00,CUST-462,Electronics,9,377.63,South,3398.67,1869.27,1529.4
TXN-10545,2025-06-17 20:00:00,CUST-292,Home Appliances,5,144.51,North,722.55,397.4,325.15
TXN-10546,2024-04-16 06:00:00,CUST-406,Furniture,8,316.09,North,2528.72,1390.8,1137.92
TXN-10547,2024-07-08 00:00:00,CUST-280,Home Appliances,9,49.77,West,447.93,246.36,201.57
TXN-10548,2025-02-10 21:00:00,CUST-391,Furniture,5,231.58,South,1157.9,636.85,521.05
TXN-10549,2024-07-05 21:00:00,CUST-470,Furniture,6,372.15,West,2232.9,1228.1,1004.8
TXN-10550,2024-04-09 15:00:00,CUST-381,Home Appliances,1,346.39,West,346.39,190.51,155.88
TXN-10551,2024-03-11 17:00:00,CUST-128,Home Appliances,7,409.39,East,2865.73,1576.15,1289.58
TXN-10552,2025-08-16 09:00:00,CUST-248,Electronics,4,439.95,East,1759.8,967.89,791.91
TXN-10553,2023-04-14 07:00:00,CUST-366,Home Appliances,2,388.86,South,777.72,427.75,349.97
TXN-10554,2025-08-10 20:00:00,CUST-395,Electronics,5,339.08,South,1695.4,932.47,762.93
TXN-10555,2025-12-28 03:00:00,CUST-GUEST,Home Appliances,3,25.54,East,76.62,42.14,34.48
TXN-10556,2025-09-18 21:00:00,CUST-263,Electronics,6,272.13,East,1632.78,898.03,734.75
TXN-10557,2023-07-05 12:00:00,CUST-GUEST,Furniture,8,28.47,East,227.76,125.27,102.49
TXN-10558,2023-09-03 01:00:00,CUST-286,Electronics,7,405.95,East,2841.65,1562.91,1278.74
TXN-10559,2025-08-18 09:00:00,CUST-394,Home Appliances,3,167.16,East,501.48,275.81,225.67
TXN-10560,2024-08-09 05:00:00,CUST-331,Furniture,8,285.59,West,2284.72,1256.6,1028.12
TXN-10561,2023-04-29 17:00:00,CUST-326,Home Appliances,2,146.93,South,293.86,161.62,132.24
TXN-10562,2023-11-04 22:00:00,CUST-409,Electronics,9,393.43,West,3540.87,1947.48,1593.39
TXN-10563,2025-08-28 09:00:00,CUST-197,Home Appliances,4,444.39,West,1777.56,977.66,799.9
TXN-10564,2024-05-11 18:00:00,CUST-GUEST,Furniture,1,205.33,North,205.33,112.93,92.4
TXN-10565,2023-04-14 17:00:00,CUST-210,Home Appliances,8,432.83,West,3462.64,1904.45,1558.19
TXN-10566,2024-02-14 07:00:00,CUST-251,Electronics,7,140.87,East,986.09,542.35,443.74
TXN-10567,2024-01-19 15:00:00,CUST-GUEST,Home Appliances,5,271.98,East,1359.9,747.95,611.95
TXN-10568,2024-02-02 12:00:00,CUST-168,Electronics,5,430.79,North,2153.95,1184.67,969.28
TXN-10569,2024-11-12 20:00:00,CUST-411,Furniture,7,169.68,North,1187.76,653.27,534.49
TXN-10570,2023-07-12 03:00:00,CUST-388,Home Appliances,5,477.48,North,2387.4,1313.07,1074.33
TXN-10571,2025-03-11 23:00:00,CUST-349,Electronics,8,69.72,North,557.76,306.77,250.99
TXN-10572,2025-11-03 23:00:00,CUST-GUEST,Electronics,6,18.95,North,113.7,62.54,51.16
TXN-10573,2023-09-02 22:00:00,CUST-338,Home Appliances,5,453.03,West,2265.15,1245.83,1019.32
TXN-10574,2024-11-12 03:00:00,CUST-GUEST,Home Appliances,9,43.64,North,392.76,216.02,176.74
TXN-10575,2025-11-27 07:00:00,CUST-326,Electronics,2,496.03,West,992.06,545.63,446.43
TXN-10576,2025-08-03 07:00:00,CUST-343,Furniture,1,476.18,South,476.18,261.9,214.28
TXN-10577,2023-02-05 11:00:00,CUST-436,Electronics,8,77.14,North,617.12,339.42,277.7
TXN-10578,2025-01-22 23:00:00,CUST-464,Furniture,3,273.42,North,820.26,451.14,369.12
TXN-10579,2023-10-12 17:00:00,CUST-300,Furniture,7,100.61,West,704.27,387.35,316.92
TXN-10580,2024-05-12 10:00:00,CUST-GUEST,Home Appliances,8,219.8,South,1758.4,967.12,791.28
TXN-10581,2023-04-12 03:00:00,CUST-GUEST,Furniture,6,40.1,West,240.6,132.33,108.27
TXN-10582,2025-12-25 08:00:00,CUST-300,Home Appliances,9,119.72,West,1077.48,592.61,484.87
TXN-10583,2023-06-16 16:00:00,CUST-GUEST,Furniture,7,188.0,North,1316.0,723.8,592.2
TXN-10584,2023-07-30 12:00:00,CUST-116,Electronics,5,224.94,East,1124.7,618.58,506.12
TXN-10585,2023-04-25 02:00:00,CUST-228,Electronics,8,488.97,East,3911.76,2151.47,1760.29
TXN-10586,2025-07-10 12:00:00,CUST-316,Electronics,2,405.85,West,811.7,446.44,365.26
TXN-10587,2023-08-13 11:00:00,CUST-160,Home Appliances,7,371.33,North,2599.31,1429.62,1169.69
TXN-10588,2023-11-30 10:00:00,CUST-203,Electronics,4,273.15,South,1092.6,600.93,491.67
TXN-10589,2023-08-19 16:00:00,CUST-141,Furniture,9,421.6,East,3794.4,2086.92,1707.48
TXN-10590,2024-07-15 15:00:00,CUST-124,Furniture,1,176.27,South,176.27,96.95,79.32
TXN-10591,2023-06-13 01:00:00,CUST-138,Home Appliances,7,357.36,East,2501.52,1375.84,1125.68
TXN-10592,2024-12-28 02:00:00,CUST-GUEST,Furniture,6,496.95,North,2981.7,1639.94,1341.76
TXN-10593,2025-10-01 11:00:00,CUST-230,Home Appliances,8,164.17,West,1313.36,722.35,591.01
TXN-10594,2025-05-15 04:00:00,CUST-328,Home Appliances,5,340.27,South,1701.35,935.74,765.61
TXN-10595,2024-03-19 04:00:00,CUST-207,Furniture,1,423.71,South,423.71,233.04,190.67
TXN-10596,2025-05-03 19:00:00,CUST-271,Home Appliances,1,458.75,West,458.75,252.31,206.44
TXN-10597,2023-08-27 14:00:00,CUST-201,Furniture,9,361.79,South,3256.11,1790.86,1465.25
TXN-10598,2023-05-21 13:00:00,CUST-453,Electronics,6,148.97,East,893.82,491.6,402.22
TXN-10599,2024-05-21 17:00:00,CUST-111,Home Appliances,5,169.88,West,849.4,467.17,382.23
TXN-10600,2025-11-21 09:00:00,CUST-374,Electronics,1,20.17,East,20.17,11.09,9.08
TXN-10601,2023-03-28 18:00:00,CUST-200,Electronics,6,382.83,East,2296.98,1263.34,1033.64
TXN-10602,2025-11-22 07:00:00,CUST-143,Furniture,6,30.94,North,185.64,102.1,83.54
TXN-10603,2025-08-21 20:00:00,CUST-404,Electronics,3,433.68,East,1301.04,715.57,585.47
TXN-10604,2024-11-09 09:00:00,CUST-116,Furniture,8,68.14,North,545.12,299.82,245.3
TXN-10605,2024-09-29 17:00:00,CUST-GUEST,Electronics,1,94.22,South,94.22,51.82,42.4
TXN-10606,2024-02-14 01:00:00,CUST-156,Home Appliances,1,243.5,South,243.5,133.93,109.57
TXN-10607,2024-04-14 05:00:00,CUST-410,Electronics,6,371.56,North,2229.36,1226.15,1003.21
TXN-10608,2023-01-18 09:00:00,CUST-402,Furniture,1,78.11,East,78.11,42.96,35.15
TXN-10609,2025-10-25 18:00:00,CUST-111,Home Appliances,6,225.63,West,1353.78,744.58,609.2
TXN-10610,2024-01-03 00:00:00,CUST-417,Home Appliances,1,246.6,West,246.6,135.63,110.97
TXN-10611,2025-04-28 06:00:00,CUST-GUEST,Home Appliances,6,114.02,North,684.12,376.27,307.85
TXN-10612,2023-05-17 03:00:00,CUST-315,Electronics,3,66.62,South,199.86,109.92,89.94
TXN-10613,2024-12-18 01:00:00,CUST-GUEST,Home Appliances,8,419.85,South,3358.8,1847.34,1511.46
TXN-10614,2025-09-29 04:00:00,CUST-363,Furniture,6,256.21,West,1537.26,845.49,691.77
TXN-10615,2023-08-28 09:00:00,CUST-248,Home Appliances,1,17.05,North,17.05,9.38,7.67
TXN-10616,2025-12-23 04:00:00,CUST-180,Home Appliances,5,403.46,West,2017.3,1109.52,907.78
TXN-10617,2024-04-17 10:00:00,CUST-314,Electronics,8,490.59,East,3924.72,2158.6,1766.12
TXN-10618,2023-01-18 04:00:00,CUST-473,Home Appliances,3,306.9,East,920.7,506.39,414.31
TXN-10619,2023-11-11 07:00:00,CUST-297,Home Appliances,6,256.82,North,1540.92,847.51,693.41
TXN-10620,2023-11-13 03:00:00,CUST-299,Furniture,5,440.42,North,2202.1,1211.16,990.94
TXN-10621,2023-01-31 08:00:00,CUST-124,Electronics,6,476.73,East,2860.38,1573.21,1287.17
TXN-10622,2025-09-08 04:00:00,CUST-GUEST,Electronics,1,379.72,South,379.72,208.85,170.87
TXN-10623,2025-11-18 03:00:00,CUST-367,Electronics,7,228.27,North,1597.89,878.84,719.05
TXN-10624,2024-04-30 17:00:00,CUST-GUEST,Furniture,9,300.19,East,2701.71,1485.94,1215.77
TXN-10625,2023-09-07 12:00:00,CUST-158,Electronics,2,353.46,East,706.92,388.81,318.11
TXN-10626,2025-02-26 00:00:00,CUST-464,Furniture,5,105.19,South,525.95,289.27,236.68
TXN-10627,2023-05-04 15:00:00,CUST-125,Home Appliances,4,229.13,South,916.52,504.09,412.43
TXN-10628,2024-08-28 07:00:00,CUST-146,Electronics,6,416.61,South,2499.66,1374.81,1124.85
TXN-10629,2025-03-09 18:00:00,CUST-387,Home Appliances,6,330.82,South,1984.92,1091.71,893.21
TXN-10630,2024-10-30 16:00:00,CUST-365,Home Appliances,2,211.49,West,422.98,232.64,190.34
TXN-10631,2024-12-30 10:00:00,CUST-115,Electronics,2,335.05,South,670.1,368.56,301.54
TXN-10632,2025-05-02 15:00:00,CUST-298,Home Appliances,4,67.93,West,271.72,149.45,122.27
TXN-10633,2025-01-18 03:00:00,CUST-381,Electronics,1,206.73,North,206.73,113.7,93.03
TXN-10634,2023-07-31 09:00:00,CUST-185,Electronics,9,398.63,East,3587.67,1973.22,1614.45
TXN-10635,2023-08-01 16:00:00,CUST-349,Electronics,7,118.05,West,826.35,454.49,371.86
TXN-10636,2023-03-31 07:00:00,CUST-490,Home Appliances,7,101.12,North,707.84,389.31,318.53
TXN-10637,2025-12-30 07:00:00,CUST-369,Home Appliances,3,475.9,North,1427.7,785.24,642.46
TXN-10638,2025-08-24 06:00:00,CUST-434,Furniture,3,112.85,West,338.55,186.2,152.35
TXN-10639,2023-11-03 13:00:00,CUST-216,Home Appliances,1,137.85,North,137.85,75.82,62.03
TXN-10640,2024-05-16 19:00:00,CUST-106,Electronics,3,485.11,North,1455.33,800.43,654.9
TXN-10641,2023-05-24 08:00:00,CUST-236,Electronics,3,370.01,West,1110.03,610.52,499.51
TXN-10642,2025-04-19 14:00:00,CUST-470,Furniture,4,352.8,North,1411.2,776.16,635.04
TXN-10643,2023-08-24 04:00:00,CUST-275,Home Appliances,4,427.93,South,1711.72,941.45,770.27
TXN-10644,2024-03-14 06:00:00,CUST-427,Furniture,3,66.75,South,200.25,110.14,90.11
TXN-10645,2024-08-29 08:00:00,CUST-414,Furniture,8,355.92,East,2847.36,1566.05,1281.31
TXN-10646,2023-05-02 10:00:00,CUST-314,Furniture,8,256.81,North,2054.48,1129.96,924.52
TXN-10647,2025-06-08 16:00:00,CUST-181,Electronics,1,416.28,East,416.28,228.95,187.33
TXN-10648,2025-07-18 05:00:00,CUST-GUEST,Home Appliances,7,258.99,South,1812.93,997.11,815.82
TXN-10649,2024-07-20 00:00:00,CUST-471,Electronics,2,313.92,South,627.84,345.31,282.53
TXN-10650,2024-05-21 00:00:00,CUST-202,Electronics,1,244.09,South,244.09,134.25,109.84
TXN-10651,2024-08-22 21:00:00,CUST-372,Electronics,3,244.3,North,732.9,403.1,329.8
TXN-10652,2024-01-02 03:00:00,CUST-113,Electronics,4,386.31,North,1545.24,849.88,695.36
TXN-10653,2024-08-14 07:00:00,CUST-258,Home Appliances,6,318.0,South,1908.0,1049.4,858.6
TXN-10654,2023-01-31 08:00:00,CUST-251,Home Appliances,5,320.3,East,1601.5,880.82,720.68
TXN-10655,2025-01-09 13:00:00,CUST-207,Electronics,4,230.64,East,922.56,507.41,415.15
TXN-10656,2025-05-19 20:00:00,CUST-GUEST,Electronics,8,270.24,West,2161.92,1189.06,972.86
TXN-10657,2023-01-30 02:00:00,CUST-400,Home Appliances,4,375.4,South,1501.6,825.88,675.72
TXN-10658,2023-10-27 10:00:00,CUST-197,Electronics,2,414.71,East,829.42,456.18,373.24
TXN-10659,2024-08-27 16:00:00,CUST-230,Furniture,3,351.32,South,1053.96,579.68,474.28
TXN-10660,2024-08-03 03:00:00,CUST-392,Home Appliances,6,462.8,East,2776.8,1527.24,1249.56
TXN-10661,2024-11-30 03:00:00,CUST-GUEST,Electronics,8,411.96,West,3295.68,1812.62,1483.06
TXN-10662,2023-11-05 08:00:00,CUST-282,Furniture,8,285.31,West,2282.48,1255.36,1027.12
TXN-10663,2025-10-16 10:00:00,CUST-GUEST,Home Appliances,9,338.99,South,3050.91,1678.0,1372.91
TXN-10664,2023-06-23 19:00:00,CUST-138,Home Appliances,7,463.89,East,3247.23,1785.98,1461.25
TXN-10665,2023-07-01 16:00:00,CUST-GUEST,Electronics,2,313.39,North,626.78,344.73,282.05
TXN-10666,2023-04-15 06:00:00,CUST-475,Electronics,8,414.16,West,3313.28,1822.3,1490.98
TXN-10667,2024-12-13 13:00:00,CUST-103,Electronics,7,347.52,South,2432.64,1337.95,1094.69
TXN-10668,2025-03-09 14:00:00,CUST-448,Home Appliances,8,280.45,South,2243.6,1233.98,1009.62
TXN-10669,2025-06-07 18:00:00,CUST-496,Furniture,3,128.5,East,385.5,212.02,173.48
TXN-10670,2023-08-17 14:00:00,CUST-309,Home Appliances,7,218.74,South,1531.18,842.15,689.03
TXN-10671,2023-12-14 07:00:00,CUST-260,Electronics,9,484.19,West,4357.71,2396.74,1960.97
TXN-10672,2025-06-09 04:00:00,CUST-115,Electronics,3,332.31,South,996.93,548.31,448.62
TXN-10673,2025-09-12 10:00:00,CUST-GUEST,Furniture,6,286.55,South,1719.3,945.62,773.68
TXN-10674,2023-07-07 03:00:00,CUST-481,Electronics,2,467.15,North,934.3,513.86,420.44
TXN-10675,2025-09-09 08:00:00,CUST-410,Home Appliances,2,297.39,North,594.78,327.13,267.65
TXN-10676,2024-04-08 18:00:00,CUST-GUEST,Home Appliances,5,267.78,West,1338.9,736.4,602.5
TXN-10677,2025-07-04 12:00:00,CUST-269,Electronics,5,382.06,East,1910.3,1050.66,859.64
TXN-10678,2023-11-15 19:00:00,CUST-133,Electronics,7,359.21,North,2514.47,1382.96,1131.51
TXN-10679,2025-04-14 04:00:00,CUST-350,Electronics,2,104.65,East,209.3,115.12,94.18
TXN-10680,2023-02-18 15:00:00,CUST-GUEST,Furniture,7,240.94,West,1686.58,927.62,758.96
TXN-10681,2023-02-14 06:00:00,CUST-368,Electronics,5,241.53,North,1207.65,664.21,543.44
TXN-10682,2025-02-11 12:00:00,CUST-240,Furniture,6,195.33,East,1171.98,644.59,527.39
TXN-10683,2025-10-07 04:00:00,CUST-373,Home Appliances,8,263.47,North,2107.76,1159.27,948.49
TXN-10684,2025-06-16 17:00:00,CUST-195,Home Appliances,4,212.42,West,849.68,467.32,382.36
TXN-10685,2025-06-22 17:00:00,CUST-326,Furniture,7,107.68,West,753.76,414.57,339.19
TXN-10686,2024-04-10 14:00:00,CUST-478,Furniture,6,212.06,North,1272.36,699.8,572.56
TXN-10687,2025-08-13 05:00:00,CUST-138,Electronics,2,45.42,East,90.84,49.96,40.88
TXN-10688,2023-07-17 01:00:00,CUST-401,Furniture,8,292.14,South,2337.12,1285.42,1051.7
TXN-10689,2024-01-25 12:00:00,CUST-128,Electronics,9,428.29,South,3854.61,2120.04,1734.57
TXN-10690,2025-09-15 02:00:00,CUST-417,Electronics,5,365.39,North,1826.95,1004.82,822.13
TXN-10691,2023-08-11 06:00:00,CUST-GUEST,Electronics,4,186.59,East,746.36,410.5,335.86
TXN-10692,2024-01-07 20:00:00,CUST-335,Furniture,6,52.66,South,315.96,173.78,142.18
TXN-10693,2023-06-30 10:00:00,CUST-284,Home Appliances,8,109.05,West,872.4,479.82,392.58
TXN-10694,2025-10-13 10:00:00,CUST-371,Electronics,3,277.29,East,831.87,457.53,374.34
TXN-10695,2023-10-11 09:00:00,CUST-GUEST,Electronics,1,111.46,South,111.46,61.3,50.16
TXN-10696,2023-07-21 22:00:00,CUST-338,Electronics,4,276.55,East,1106.2,608.41,497.79
TXN-10697,2023-10-08 11:00:00,CUST-476,Home Appliances,4,123.48,North,493.92,271.66,222.26
TXN-10698,2024-10-02 08:00:00,CUST-365,Electronics,1,425.97,East,425.97,234.28,191.69
TXN-10699,2025-09-11 09:00:00,CUST-458,Electronics,9,204.66,South,1841.94,1013.07,828.87
TXN-10700,2024-12-23 09:00:00,CUST-439,Home Appliances,3,130.32,North,390.96,215.03,175.93
TXN-10701,2023-04-16 19:00:00,CUST-488,Home Appliances,5,408.04,East,2040.2,1122.11,918.09
TXN-10702,2023-10-22 00:00:00,CUST-164,Electronics,6,177.99,West,1067.94,587.37,480.57
TXN-10703,2024-04-24 20:00:00,CUST-276,Electronics,8,64.63,South,517.04,284.37,232.67
TXN-10704,2024-04-23 21:00:00,CUST-102,Electronics,6,289.5,North,1737.0,955.35,781.65
TXN-10705,2023-03-06 06:00:00,CUST-241,Electronics,3,294.97,East,884.91,486.7,398.21
TXN-10706,2025-06-22 05:00:00,CUST-475,Furniture,6,360.2,West,2161.2,1188.66,972.54
TXN-10707,2024-08-04 20:00:00,CUST-257,Electronics,1,127.71,South,127.71,70.24,57.47
TXN-10708,2025-01-02 07:00:00,CUST-423,Electronics,4,227.45,West,909.8,500.39,409.41
TXN-10709,2023-09-21 01:00:00,CUST-245,Electronics,6,148.36,East,890.16,489.59,400.57
TXN-10710,2025-08-29 18:00:00,CUST-392,Furniture,7,49.67,East,347.69,191.23,156.46
TXN-10711,2025-03-05 09:00:00,CUST-252,Home Appliances,3,439.54,North,1318.62,725.24,593.38
TXN-10712,2025-12-10 17:00:00,CUST-292,Furniture,9,367.15,West,3304.35,1817.39,1486.96
TXN-10713,2025-01-16 20:00:00,CUST-172,Home Appliances,7,157.72,North,1104.04,607.22,496.82
TXN-10714,2025-07-28 20:00:00,CUST-498,Home Appliances,1,303.69,South,303.69,167.03,136.66
TXN-10715,2025-07-02 13:00:00,CUST-404,Furniture,2,108.62,North,217.24,119.48,97.76
TXN-10716,2024-07-29 07:00:00,CUST-476,Home Appliances,1,446.22,South,446.22,245.42,200.8
TXN-10717,2024-02-04 04:00:00,CUST-443,Furniture,9,66.3,East,596.7,328.19,268.51
TXN-10718,2025-01-09 13:00:00,CUST-239,Electronics,9,11.88,East,106.92,58.81,48.11
TXN-10719,2023-12-29 03:00:00,CUST-GUEST,Electronics,7,255.98,West,1791.86,985.52,806.34
TXN-10720,2025-12-30 00:00:00,CUST-392,Electronics,3,295.73,South,887.19,487.95,399.24
TXN-10721,2025-11-11 06:00:00,CUST-160,Electronics,5,293.69,East,1468.45,807.65,660.8
TXN-10722,2023-11-09 06:00:00,CUST-479,Furniture,4,36.71,West,146.84,80.76,66.08
TXN-10723,2023-06-29 16:00:00,CUST-297,Home Appliances,7,163.88,West,1147.16,630.94,516.22
TXN-10724,2023-02-25 04:00:00,CUST-394,Electronics,9,254.61,North,2291.49,1260.32,1031.17
TXN-10725,2025-12-08 03:00:00,CUST-418,Furniture,2,116.12,West,232.24,127.73,104.51
TXN-10726,2023-05-11 21:00:00,CUST-401,Furniture,8,437.59,East,3500.72,1925.4,1575.32
TXN-10727,2025-09-18 19:00:00,CUST-443,Electronics,9,52.68,North,474.12,260.77,213.35
TXN-10728,2025-04-07 22:00:00,CUST-110,Furniture,9,248.82,South,2239.38,1231.66,1007.72
TXN-10729,2023-03-17 10:00:00,CUST-GUEST,Furniture,7,348.79,South,2441.53,1342.84,1098.69
TXN-10730,2023-10-02 12:00:00,CUST-432,Home Appliances,9,138.26,East,1244.34,684.39,559.95
TXN-10731,2025-03-15 11:00:00,CUST-325,Home Appliances,9,315.88,East,2842.92,1563.61,1279.31
TXN-10732,2023-08-09 21:00:00,CUST-252,Home Appliances,3,416.4,North,1249.2,687.06,562.14
TXN-10733,2025-05-07 02:00:00,CUST-GUEST,Electronics,4,103.27,North,413.08,227.19,185.89
TXN-10734,2025-11-19 17:00:00,CUST-GUEST,Furniture,2,459.44,East,918.88,505.38,413.5
TXN-10735,2025-07-20 17:00:00,CUST-359,Electronics,3,281.24,East,843.72,464.05,379.67
TXN-10736,2024-10-07 05:00:00,CUST-GUEST,Furniture,5,156.62,South,783.1,430.71,352.39
TXN-10737,2024-05-03 02:00:00,CUST-171,Electronics,5,221.12,South,1105.6,608.08,497.52
TXN-10738,2025-05-10 12:00:00,CUST-247,Home Appliances,6,162.97,South,977.82,537.8,440.02
TXN-10739,2023-07-17 20:00:00,CUST-448,Home Appliances,7,365.3,East,2557.1,1406.4,1150.7
TXN-10740,2025-06-03 17:00:00,CUST-GUEST,Furniture,7,400.19,West,2801.33,1540.73,1260.6
TXN-10741,2024-01-29 03:00:00,CUST-409,Furniture,1,418.14,East,418.14,229.98,188.16
TXN-10742,2023-06-04 13:00:00,CUST-GUEST,Home Appliances,2,493.03,East,986.06,542.33,443.73
TXN-10743,2025-12-05 01:00:00,CUST-GUEST,Home Appliances,9,397.73,South,3579.57,1968.76,1610.81
TXN-10744,2025-08-16 11:00:00,CUST-465,Furniture,2,304.68,East,609.36,335.15,274.21
TXN-10745,2025-11-08 23:00:00,CUST-429,Electronics,6,176.22,North,1057.32,581.53,475.79
TXN-10746,2024-06-30 12:00:00,CUST-206,Home Appliances,1,276.85,East,276.85,152.27,124.58
TXN-10747,2025-11-27 06:00:00,CUST-325,Furniture,3,30.12,East,90.36,49.7,40.66
TXN-10748,2024-02-04 00:00:00,CUST-412,Home Appliances,2,374.96,East,749.92,412.46,337.46
TXN-10749,2024-02-27 22:00:00,CUST-317,Furniture,3,228.52,East,685.56,377.06,308.5
TXN-10750,2025-03-21 16:00:00,CUST-340,Furniture,5,19.81,West,99.05,54.48,44.57
TXN-10751,2023-09-30 02:00:00,CUST-358,Electronics,6,40.63,East,243.78,134.08,109.7
TXN-10752,2024-02-29 12:00:00,CUST-475,Electronics,9,199.86,North,1798.74,989.31,809.43
TXN-10753,2024-09-03 19:00:00,CUST-361,Electronics,4,295.88,North,1183.52,650.94,532.58
TXN-10754,2023-01-22 00:00:00,CUST-GUEST,Electronics,7,237.46,East,1662.22,914.22,748.0
TXN-10755,2023-02-20 14:00:00,CUST-360,Home Appliances,6,313.41,South,1880.46,1034.25,846.21
TXN-10756,2023-03-05 19:00:00,CUST-153,Electronics,2,245.34,West,490.68,269.87,220.81
TXN-10757,2025-09-25 08:00:00,CUST-146,Home Appliances,8,334.23,East,2673.84,1470.61,1203.23
TXN-10758,2023-02-04 07:00:00,CUST-314,Furniture,7,117.37,East,821.59,451.87,369.72
TXN-10759,2024-12-22 08:00:00,CUST-276,Home Appliances,7,65.29,East,457.03,251.37,205.66
TXN-10760,2023-07-29 13:00:00,CUST-GUEST,Home Appliances,8,302.25,South,2418.0,1329.9,1088.1
TXN-10761,2024-07-13 12:00:00,CUST-198,Furniture,1,247.5,South,247.5,136.12,111.38
TXN-10762,2024-11-19 05:00:00,CUST-119,Electronics,1,23.17,South,23.17,12.74,10.43
TXN-10763,2023-03-29 17:00:00,CUST-477,Home Appliances,8,196.44,West,1571.52,864.34,707.18
TXN-10764,2023-06-01 03:00:00,CUST-GUEST,Electronics,4,62.0,North,248.0,136.4,111.6
TXN-10765,2024-06-24 12:00:00,CUST-160,Home Appliances,5,270.36,West,1351.8,743.49,608.31
TXN-10766,2025-08-03 20:00:00,CUST-478,Furniture,8,203.93,South,1631.44,897.29,734.15
TXN-10767,2023-03-19 04:00:00,CUST-277,Electronics,5,310.44,North,1552.2,853.71,698.49
TXN-10768,2023-07-24 14:00:00,CUST-437,Electronics,4,404.75,North,1619.0,890.45,728.55
TXN-10769,2025-05-06 15:00:00,CUST-161,Home Appliances,6,156.84,South,941.04,517.57,423.47
TXN-10770,2024-04-03 11:00:00,CUST-244,Furniture,5,481.43,South,2407.15,1323.93,1083.22
TXN-10771,2025-06-24 12:00:00,CUST-315,Electronics,7,272.46,West,1907.22,1048.97,858.25
TXN-10772,2025-12-12 02:00:00,CUST-102,Electronics,7,312.96,South,2190.72,1204.9,985.82
TXN-10773,2024-07-30 19:00:00,CUST-259,Electronics,4,343.53,North,1374.12,755.77,618.35
TXN-10774,2024-05-02 16:00:00,CUST-326,Electronics,5,336.7,East,1683.5,925.92,757.58
TXN-10775,2024-10-18 17:00:00,CUST-368,Electronics,3,260.38,South,781.14,429.63,351.51
TXN-10776,2023-09-15 22:00:00,CUST-219,Furniture,4,220.09,South,880.36,484.2,396.16
TXN-10777,2025-01-05 00:00:00,CUST-480,Furniture,4,36.35,West,145.4,79.97,65.43
TXN-10778,2025-04-03 08:00:00,CUST-188,Home Appliances,3,20.82,West,62.46,34.35,28.11
TXN-10779,2023-08-24 05:00:00,CUST-428,Furniture,5,185.4,South,927.0,509.85,417.15
TXN-10780,2025-04-07 22:00:00,CUST-GUEST,Furniture,5,173.49,North,867.45,477.1,390.35
TXN-10781,2025-04-12 00:00:00,CUST-497,Electronics,7,199.97,North,1399.79,769.88,629.91
TXN-10782,2024-02-04 12:00:00,CUST-456,Home Appliances,4,77.8,East,311.2,171.16,140.04
TXN-10783,2024-05-07 21:00:00,CUST-GUEST,Furniture,4,371.7,South,1486.8,817.74,669.06
TXN-10784,2023-12-02 13:00:00,CUST-366,Electronics,9,429.91,West,3869.19,2128.05,1741.14
TXN-10785,2023-05-19 18:00:00,CUST-204,Furniture,6,469.97,North,2819.82,1550.9,1268.92
TXN-10786,2025-03-06 07:00:00,CUST-422,Furniture,4,251.26,East,1005.04,552.77,452.27
TXN-10787,2023-12-27 22:00:00,CUST-222,Furniture,2,353.42,South,706.84,388.76,318.08
TXN-10788,2025-10-18 00:00:00,CUST-128,Electronics,6,429.22,North,2575.32,1416.43,1158.89
TXN-10789,2023-10-24 10:00:00,CUST-236,Furniture,2,214.96,South,429.92,236.46,193.46
TXN-10790,2024-07-09 03:00:00,CUST-294,Electronics,5,161.61,South,808.05,444.43,363.62
TXN-10791,2023-02-26 09:00:00,CUST-325,Furniture,6,469.0,North,2814.0,1547.7,1266.3
TXN-10792,2024-04-02 07:00:00,CUST-431,Electronics,4,262.68,North,1050.72,577.9,472.82
TXN-10793,2024-04-04 07:00:00,CUST-269,Furniture,3,253.65,North,760.95,418.52,342.43
TXN-10794,2025-06-12 15:00:00,CUST-108,Furniture,7,97.42,South,681.94,375.07,306.87
TXN-10795,2025-11-04 21:00:00,CUST-139,Electronics,2,63.0,South,126.0,69.3,56.7
TXN-10796,2025-09-25 07:00:00,CUST-124,Furniture,6,422.63,East,2535.78,1394.68,1141.1
TXN-10797,2023-01-28 19:00:00,CUST-360,Furniture,4,310.93,West,1243.72,684.05,559.67
TXN-10798,2025-05-18 20:00:00,CUST-494,Furniture,6,169.65,South,1017.9,559.84,458.06
TXN-10799,2024-01-25 01:00:00,CUST-GUEST,Electronics,4,103.95,West,415.8,228.69,187.11
TXN-10800,2024-07-23 03:00:00,CUST-223,Furniture,4,282.19,North,1128.76,620.82,507.94
TXN-10801,2025-08-24 19:00:00,CUST-137,Electronics,4,296.12,South,1184.48,651.46,533.02
TXN-10802,2023-06-04 23:00:00,CUST-427,Furniture,9,111.43,East,1002.87,551.58,451.29
TXN-10803,2025-03-08 01:00:00,CUST-350,Electronics,7,427.19,East,2990.33,1644.68,1345.65
TXN-10804,2023-11-08 19:00:00,CUST-488,Home Appliances,3,51.29,West,153.87,84.63,69.24
TXN-10805,2023-01-23 11:00:00,CUST-GUEST,Furniture,3,184.49,North,553.47,304.41,249.06
TXN-10806,2023-07-26 20:00:00,CUST-189,Home Appliances,6,343.39,West,2060.34,1133.19,927.15
TXN-10807,2023-07-21 11:00:00,CUST-136,Electronics,6,144.32,North,865.92,476.26,389.66
TXN-10808,2025-04-19 23:00:00,CUST-415,Furniture,4,415.56,East,1662.24,914.23,748.01
TXN-10809,2023-09-09 18:00:00,CUST-275,Furniture,9,372.54,West,3352.86,1844.07,1508.79
TXN-10810,2024-09-10 05:00:00,CUST-383,Electronics,4,396.62,East,1586.48,872.56,713.92
TXN-10811,2025-09-05 14:00:00,CUST-180,Home Appliances,9,68.36,East,615.24,338.38,276.86
TXN-10812,2023-11-01 16:00:00,CUST-213,Furniture,4,78.87,North,315.48,173.51,141.97
TXN-10813,2023-08-10 16:00:00,CUST-139,Home Appliances,2,150.37,West,300.74,165.41,135.33
TXN-10814,2024-07-04 16:00:00,CUST-400,Furniture,2,263.86,West,527.72,290.25,237.47
TXN-10815,2025-07-27 04:00:00,CUST-GUEST,Furniture,5,376.53,East,1882.65,1035.46,847.19
TXN-10816,2025-10-08 11:00:00,CUST-GUEST,Furniture,4,419.9,East,1679.6,923.78,755.82
TXN-10817,2023-04-26 19:00:00,CUST-448,Electronics,7,355.12,North,2485.84,1367.21,1118.63
TXN-10818,2024-12-22 04:00:00,CUST-214,Electronics,5,465.01,South,2325.05,1278.78,1046.27
TXN-10819,2023-03-07 21:00:00,CUST-285,Electronics,6,371.98,South,2231.88,1227.53,1004.35
TXN-10820,2025-10-01 02:00:00,CUST-422,Electronics,4,160.07,East,640.28,352.15,288.13
TXN-10821,2025-04-01 04:00:00,CUST-155,Home Appliances,2,139.89,South,279.78,153.88,125.9
TXN-10822,2024-06-12 05:00:00,CUST-139,Furniture,9,351.13,South,3160.17,1738.09,1422.08
TXN-10823,2023-08-27 01:00:00,CUST-453,Electronics,7,104.51,South,731.57,402.36,329.21
TXN-10824,2025-09-02 10:00:00,CUST-139,Furniture,4,55.43,South,221.72,121.95,99.77
TXN-10825,2024-11-24 07:00:00,CUST-GUEST,Electronics,3,270.79,East,812.37,446.8,365.57
TXN-10826,2023-07-20 04:00:00,CUST-336,Electronics,3,412.6,South,1237.8,680.79,557.01
TXN-10827,2025-01-29 06:00:00,CUST-388,Furniture,9,59.68,South,537.12,295.42,241.7
TXN-10828,2024-02-27 08:00:00,CUST-361,Home Appliances,5,398.03,North,1990.15,1094.58,895.57
TXN-10829,2023-01-01 09:00:00,CUST-315,Electronics,3,407.67,East,1223.01,672.66,550.35
TXN-10830,2025-03-13 07:00:00,CUST-246,Furniture,5,246.31,West,1231.55,677.35,554.2
TXN-10831,2025-11-23 05:00:00,CUST-435,Home Appliances,2,38.08,West,76.16,41.89,34.27
TXN-10832,2025-09-18 09:00:00,CUST-267,Furniture,4,95.55,North,382.2,210.21,171.99
TXN-10833,2025-09-18 18:00:00,CUST-GUEST,Furniture,2,356.64,North,713.28,392.3,320.98
TXN-10834,2023-08-02 12:00:00,CUST-452,Furniture,2,358.77,East,717.54,394.65,322.89
TXN-10835,2023-02-12 07:00:00,CUST-158,Electronics,8,450.19,West,3601.52,1980.84,1620.68
TXN-10836,2023-04-02 09:00:00,CUST-158,Electronics,1,295.52,South,295.52,162.54,132.98
TXN-10837,2023-12-17 15:00:00,CUST-GUEST,Furniture,7,70.81,North,495.67,272.62,223.05
TXN-10838,2024-07-18 14:00:00,CUST-268,Electronics,5,69.49,West,347.45,191.1,156.35
TXN-10839,2024-08-27 16:00:00,CUST-368,Electronics,8,363.35,East,2906.8,1598.74,1308.06
TXN-10840,2025-09-20 01:00:00,CUST-462,Furniture,1,100.05,South,100.05,55.03,45.02
TXN-10841,2023-06-23 06:00:00,CUST-144,Home Appliances,7,170.91,East,1196.37,658.0,538.37
TXN-10842,2025-04-26 05:00:00,CUST-444,Electronics,5,248.73,North,1243.65,684.01,559.64
TXN-10843,2023-10-18 10:00:00,CUST-280,Home Appliances,4,22.13,West,88.52,48.69,39.83
TXN-10844,2023-10-17 02:00:00,CUST-269,Home Appliances,7,131.92,West,923.44,507.89,415.55
TXN-10845,2025-06-01 00:00:00,CUST-455,Electronics,2,209.87,West,419.74,230.86,188.88
TXN-10846,2024-07-27 20:00:00,CUST-290,Home Appliances,1,147.02,West,147.02,80.86,66.16
TXN-10847,2025-04-29 08:00:00,CUST-254,Home Appliances,1,76.82,South,76.82,42.25,34.57
TXN-10848,2025-01-20 17:00:00,CUST-287,Home Appliances,1,366.73,South,366.73,201.7,165.03
TXN-10849,2024-03-07 00:00:00,CUST-106,Furniture,5,408.44,East,2042.2,1123.21,918.99
TXN-10850,2023-10-30 18:00:00,CUST-232,Home Appliances,7,136.16,South,953.12,524.22,428.9
TXN-10851,2023-12-29 14:00:00,CUST-334,Furniture,2,389.47,North,778.94,428.42,350.52
TXN-10852,2023-01-17 00:00:00,CUST-144,Electronics,8,198.92,North,1591.36,875.25,716.11
TXN-10853,2023-01-17 20:00:00,CUST-413,Furniture,4,258.28,West,1033.12,568.22,464.9
TXN-10854,2023-12-07 15:00:00,CUST-348,Furniture,3,429.44,North,1288.32,708.58,579.74
TXN-10855,2024-09-23 14:00:00,CUST-GUEST,Electronics,8,377.48,East,3019.84,1660.91,1358.93
TXN-10856,2024-06-15 19:00:00,CUST-122,Electronics,2,404.51,South,809.02,444.96,364.06
TXN-10857,2025-02-05 00:00:00,CUST-493,Furniture,3,77.05,South,231.15,127.13,104.02
TXN-10858,2024-02-15 20:00:00,CUST-259,Home Appliances,3,44.16,South,132.48,72.86,59.62
TXN-10859,2023-09-07 13:00:00,CUST-462,Electronics,1,447.77,North,447.77,246.27,201.5
TXN-10860,2024-09-21 10:00:00,CUST-257,Furniture,6,200.04,South,1200.24,660.13,540.11
TXN-10861,2025-01-13 12:00:00,CUST-138,Electronics,2,151.06,West,302.12,166.17,135.95
TXN-10862,2025-09-09 06:00:00,CUST-181,Home Appliances,1,365.1,West,365.1,200.81,164.29
TXN-10863,2025-09-07 04:00:00,CUST-GUEST,Electronics,2,419.84,West,839.68,461.82,377.86
TXN-10864,2023-06-01 12:00:00,CUST-357,Electronics,6,432.62,North,2595.72,1427.65,1168.07
TXN-10865,2024-03-30 20:00:00,CUST-305,Furniture,4,164.84,South,659.36,362.65,296.71
TXN-10866,2023-07-20 09:00:00,CUST-176,Home Appliances,6,427.58,North,2565.48,1411.01,1154.47
TXN-10867,2025-05-06 18:00:00,CUST-111,Home Appliances,9,30.06,South,270.54,148.8,121.74
TXN-10868,2024-07-14 16:00:00,CUST-GUEST,Electronics,8,34.33,East,274.64,151.05,123.59
TXN-10869,2024-10-05 12:00:00,CUST-323,Furniture,1,315.52,East,315.52,173.54,141.98
TXN-10870,2025-09-11 13:00:00,CUST-112,Furniture,8,40.92,North,327.36,180.05,147.31
TXN-10871,2025-08-15 16:00:00,CUST-145,Home Appliances,9,169.06,West,1521.54,836.85,684.69
TXN-10872,2023-09-07 21:00:00,CUST-254,Home Appliances,6,339.65,North,2037.9,1120.84,917.06
TXN-10873,2023-03-27 08:00:00,CUST-212,Home Appliances,5,175.26,West,876.3,481.96,394.34
TXN-10874,2024-05-29 02:00:00,CUST-GUEST,Home Appliances,6,98.0,South,588.0,323.4,264.6
TXN-10875,2025-05-31 20:00:00,CUST-116,Home Appliances,6,147.86,West,887.16,487.94,399.22
TXN-10876,2024-12-13 12:00:00,CUST-GUEST,Electronics,9,234.21,West,2107.89,1159.34,948.55
TXN-10877,2025-10-10 11:00:00,CUST-GUEST,Electronics,4,242.94,South,971.76,534.47,437.29
TXN-10878,2025-07-03 13:00:00,CUST-453,Home Appliances,2,393.67,East,787.34,433.04,354.3
TXN-10879,2023-07-09 08:00:00,CUST-287,Furniture,9,377.58,South,3398.22,1869.02,1529.2
TXN-10880,2023-07-27 08:00:00,CUST-443,Electronics,2,233.84,North,467.68,257.22,210.46
TXN-10881,2024-06-16 07:00:00,CUST-464,Furniture,9,424.38,North,3819.42,2100.68,1718.74
TXN-10882,2024-02-22 07:00:00,CUST-262,Electronics,2,65.98,North,131.96,72.58,59.38
TXN-10883,2023-05-23 11:00:00,CUST-425,Electronics,8,135.12,North,1080.96,594.53,486.43
TXN-10884,2024-08-24 06:00:00,CUST-173,Home Appliances,9,415.71,North,3741.39,2057.76,1683.63
TXN-10885,2023-10-29 15:00:00,CUST-GUEST,Electronics,9,195.22,East,1756.98,966.34,790.64
TXN-10886,2025-12-25 14:00:00,CUST-323,Electronics,9,490.78,East,4417.02,2429.36,1987.66
TXN-10887,2024-08-26 17:00:00,CUST-418,Home Appliances,2,238.46,West,476.92,262.31,214.61
TXN-10888,2024-11-24 01:00:00,CUST-159,Home Appliances,4,398.05,North,1592.2,875.71,716.49
TXN-10889,2025-11-18 01:00:00,CUST-434,Furniture,7,207.13,South,1449.91,797.45,652.46
TXN-10890,2024-03-07 13:00:00,CUST-321,Home Appliances,2,218.23,North,436.46,240.05,196.41
TXN-10891,2024-12-15 18:00:00,CUST-136,Electronics,1,197.61,East,197.61,108.69,88.92
TXN-10892,2023-07-01 19:00:00,CUST-377,Electronics,3,362.35,North,1087.05,597.88,489.17
TXN-10893,2024-02-29 00:00:00,CUST-295,Home Appliances,4,278.28,East,1113.12,612.22,500.9
TXN-10894,2024-12-28 13:00:00,CUST-451,Home Appliances,8,472.45,West,3779.6,2078.78,1700.82
TXN-10895,2023-12-18 03:00:00,CUST-341,Furniture,6,132.94,West,797.64,438.7,358.94
TXN-10896,2023-12-24 12:00:00,CUST-GUEST,Home Appliances,2,59.28,West,118.56,65.21,53.35
TXN-10897,2025-10-08 21:00:00,CUST-GUEST,Home Appliances,9,202.7,East,1824.3,1003.36,820.94
TXN-10898,2023-07-22 10:00:00,CUST-291,Furniture,2,312.19,North,624.38,343.41,280.97
TXN-10899,2024-02-23 08:00:00,CUST-116,Electronics,5,431.79,North,2158.95,1187.42,971.53
TXN-10900,2025-08-13 08:00:00,CUST-111,Electronics,4,179.64,South,718.56,395.21,323.35
TXN-10901,2025-05-29 07:00:00,CUST-493,Home Appliances,7,330.36,East,2312.52,1271.89,1040.63
TXN-10902,2025-03-10 22:00:00,CUST-473,Furniture,8,181.6,South,1452.8,799.04,653.76
TXN-10903,2025-04-03 06:00:00,CUST-292,Electronics,5,312.44,West,1562.2,859.21,702.99
TXN-10904,2024-09-27 14:00:00,CUST-121,Furniture,5,443.56,North,2217.8,1219.79,998.01
TXN-10905,2024-04-22 22:00:00,CUST-219,Electronics,2,123.37,East,246.74,135.71,111.03
TXN-10906,2023-02-22 04:00:00,CUST-309,Furniture,8,208.08,South,1664.64,915.55,749.09
TXN-10907,2023-10-19 12:00:00,CUST-405,Home Appliances,2,496.7,South,993.4,546.37,447.03
TXN-10908,2024-05-22 05:00:00,CUST-369,Home Appliances,6,435.59,South,2613.54,1437.45,1176.09
TXN-10909,2023-07-14 17:00:00,CUST-291,Electronics,8,286.67,North,2293.36,1261.35,1032.01
TXN-10910,2025-05-21 10:00:00,CUST-GUEST,Electronics,6,263.15,North,1578.9,868.4,710.5
TXN-10911,2024-10-19 13:00:00,CUST-384,Electronics,4,149.45,North,597.8,328.79,269.01
TXN-10912,2024-06-27 19:00:00,CUST-GUEST,Electronics,4,263.43,East,1053.72,579.55,474.17
TXN-10913,2023-10-14 17:00:00,CUST-263,Electronics,6,425.61,North,2553.66,1404.51,1149.15
TXN-10914,2023-10-17 13:00:00,CUST-GUEST,Home Appliances,4,345.74,East,1382.96,760.63,622.33
TXN-10915,2024-02-01 17:00:00,CUST-326,Furniture,8,152.12,South,1216.96,669.33,547.63
TXN-10916,2025-07-31 17:00:00,CUST-480,Electronics,9,108.72,South,978.48,538.16,440.32
TXN-10917,2023-12-01 01:00:00,CUST-106,Furniture,1,139.95,West,139.95,76.97,62.98
TXN-10918,2023-10-17 05:00:00,CUST-128,Electronics,4,93.18,North,372.72,205.0,167.72
TXN-10919,2025-12-16 14:00:00,CUST-GUEST,Furniture,4,56.86,South,227.44,125.09,102.35
TXN-10920,2025-09-01 10:00:00,CUST-GUEST,Electronics,2,215.38,North,430.76,236.92,193.84
TXN-10921,2024-03-01 09:00:00,CUST-233,Electronics,6,65.52,East,393.12,216.22,176.9
TXN-10922,2025-01-08 03:00:00,CUST-466,Home Appliances,3,94.24,South,282.72,155.5,127.22
TXN-10923,2025-05-10 05:00:00,CUST-178,Home Appliances,7,278.19,North,1947.33,1071.03,876.3
TXN-10924,2025-09-28 08:00:00,CUST-157,Home Appliances,5,90.65,South,453.25,249.29,203.96
TXN-10925,2024-02-02 22:00:00,CUST-GUEST,Electronics,4,41.3,South,165.2,90.86,74.34
TXN-10926,2025-06-14 19:00:00,CUST-325,Furniture,5,165.52,North,827.6,455.18,372.42
TXN-10927,2023-07-13 05:00:00,CUST-384,Home Appliances,8,117.96,South,943.68,519.02,424.66
TXN-10928,2023-07-22 06:00:00,CUST-103,Furniture,3,262.5,South,787.5,433.13,354.37
TXN-10929,2025-03-26 01:00:00,CUST-198,Electronics,7,60.16,South,421.12,231.62,189.5
TXN-10930,2025-10-01 18:00:00,CUST-496,Electronics,6,378.37,South,2270.22,1248.62,1021.6
TXN-10931,2024-03-06 00:00:00,CUST-138,Electronics,1,454.05,East,454.05,249.73,204.32
TXN-10932,2025-02-12 12:00:00,CUST-GUEST,Home Appliances,7,374.28,South,2619.96,1440.98,1178.98
TXN-10933,2023-07-23 20:00:00,CUST-474,Home Appliances,7,271.09,West,1897.63,1043.7,853.93
TXN-10934,2023-10-21 11:00:00,CUST-384,Electronics,1,431.73,South,431.73,237.45,194.28
TXN-10935,2024-11-19 09:00:00,CUST-256,Home Appliances,9,350.51,North,3154.59,1735.02,1419.57
TXN-10936,2025-08-04 07:00:00,CUST-GUEST,Electronics,6,15.17,West,91.02,50.06,40.96
TXN-10937,2025-04-07 08:00:00,CUST-471,Furniture,2,203.1,East,406.2,223.41,182.79
TXN-10938,2025-06-28 17:00:00,CUST-387,Home Appliances,5,426.97,West,2134.85,1174.17,960.68
TXN-10939,2025-03-11 16:00:00,CUST-229,Electronics,4,179.47,West,717.88,394.83,323.05
TXN-10940,2025-04-11 19:00:00,CUST-274,Electronics,7,27.26,West,190.82,104.95,85.87
TXN-10941,2025-07-20 11:00:00,CUST-183,Home Appliances,8,375.63,North,3005.04,1652.77,1352.27
TXN-10942,2023-06-23 12:00:00,CUST-GUEST,Furniture,1,403.0,North,403.0,221.65,181.35
TXN-10943,2023-11-27 21:00:00,CUST-126,Electronics,5,88.69,North,443.45,243.9,199.55
TXN-10944,2024-08-22 12:00:00,CUST-294,Home Appliances,3,273.3,East,819.9,450.95,368.95
TXN-10945,2023-08-21 01:00:00,CUST-436,Home Appliances,1,104.06,North,104.06,57.23,46.83
TXN-10946,2023-06-29 04:00:00,CUST-GUEST,Furniture,3,362.42,North,1087.26,597.99,489.27
TXN-10947,2023-09-19 05:00:00,CUST-335,Electronics,6,143.06,West,858.36,472.1,386.26
TXN-10948,2023-06-09 02:00:00,CUST-GUEST,Home Appliances,7,164.95,North,1154.65,635.06,519.59
TXN-10949,2024-05-15 15:00:00,CUST-120,Home Appliances,8,424.04,South,3392.32,1865.78,1526.54
